,0,1,2,3,4,5,6
0,-0.0022568629231670247,0.002948272192861911,-0.0025776363839661734,-0.0055967411817375206,-0.0023775740330764347,-0.004274270024640158,-0.007423501214203303
1,-0.002337661830366232,0.0032072311250529845,-0.0026623507265801276,-0.0048455120448293474,-0.008616702465661206,-0.00623471666547233,-0.0001913666777814192
2,-0.0024207341315451007,0.0034699199202068423,-0.0026930015351369057,-0.004200329869742123,-0.009532878935783612,-0.0031559355207851614,0.00439011096145671
3,-0.002506213284372915,0.003735546618686714,-0.002663495849264206,-0.0037044239253112535,-0.0044734929416279275,0.006224689248652162,-0.005453726875013982
4,-0.002592737023773324,0.004014349369523743,-0.002633017609692887,-0.002652828090120311,0.0024682954535681025,0.00807537356297743,0.005371405371124783
5,-0.002680718023580465,0.0043035372740000705,-0.002583031995960052,-0.0012146134591463054,0.013267951454384554,0.0029064146355306662,-0.005250023399697786
6,-0.0027500285498699233,0.004519255181198009,-0.0024946986880014137,-0.0002491073884436968,0.01631687614703109,-0.0010071060617938149,0.0032522765635028907
7,-0.002798455889557159,0.004654117795330875,-0.002371842157298424,0.00025473188409576677,0.010427777196986933,-0.006347374322010772,0.0014750313112073983
8,-0.0028357119534050783,0.004745426603065808,-0.0022093071722411343,0.0005966919025354747,0.002826092063583275,-0.005182407410459893,-0.0027540157871223693
9,-0.00285590283435646,0.004769139529736954,-0.0020026025702782712,0.0005649067941865713,-0.009589679754792517,0.004121088803641715,-0.0004641953176349852
10,-0.002870235062488802,0.004775838688631058,-0.0017754309753143884,0.0008491813782823084,-0.015227224241150979,0.00428124270133056,0.0011903405462019635
11,-0.002879125345576065,0.004767150708818134,-0.0015263993453823025,0.0014843531066359764,-0.012688394491684326,-0.0034458650744451876,0.003296617695698547
12,-0.002871565972870069,0.004695879346413956,-0.00123929933430659,0.0019506040416621682,-0.010134984129918758,-0.0029929033278833133,-0.0015934918124139795
13,-0.0028495365163994472,0.00457118859622049,-0.0009181156678235137,0.002398204307685066,-0.004497985352180358,0.0032338442634639755,-0.00888462184195152
14,-0.0028279863356075454,0.004449647770121207,-0.0005531325065818624,0.00267386127733974,-0.0004893866830213515,0.0021338173892002142,0.009049752191687778
15,-0.0028065121195469146,0.004329131326621927,-0.0001410080680113006,0.0027031715281436008,0.0009291664125192218,-0.004445377878684179,0.0013235447994883864
16,-0.002778915858627643,0.004187324393617484,0.00031170930898819714,0.00266263903669555,0.004574481018504562,-0.001976846866570917,-0.00553548000047017
17,-0.0027486174365024874,0.0040370203571309686,0.0008087958056368863,0.002491874661153381,0.009212252605552806,0.00829995508907395,0.0038031753100854003
18,-0.002703479829374071,0.0038307156493739784,0.001350738666812117,0.0021469019248276182,0.010340511917743909,0.005812054042087457,-0.002371914415358839
19,-0.0026424456744722586,0.0035644547968787916,0.0019380570975401417,0.0016348807016980326,0.008099912671140476,-0.00810185479276968,0.0027041702215112214
20,-0.0025741413951410976,0.0032714970191103114,0.0025745337738568045,0.0009183921614282299,0.003684001271166017,-0.007998593353544057,-0.0005578242059825993
21,-0.002495601895348992,0.002940262361937215,0.003261164663583063,-1.7455421519062196e-05,-0.00402478977756018,0.0036716665278997813,-0.005564901786260532
22,-0.002420109024894811,0.002631824944150484,0.003753298246915363,-0.0006383956762753422,-0.0071279777756365565,0.004767255668870262,0.005835579108408582
23,-0.0023497119162408818,0.0023550218753221,0.004027406027407848,-0.0009081044505406264,-0.005108404897451341,-0.0011839327067863672,-0.0003810664134277523
24,-0.002275835584600367,0.0020720348245620267,0.004199602146399925,-0.0010971930475179408,-0.0027381552013507004,-0.0015210172382053183,-0.002011806922496822
25,-0.0022023583731192366,0.001800624180541316,0.004199782789892648,-0.001063496544414756,0.0019525015825317567,0.000742619841190896,0.0019885433236870058
26,-0.002123327246289315,0.0015121991613656044,0.004170394446843343,-0.0011317533388289138,0.0035436866136867094,0.0005613376405781279,-0.001023052439177074
27,-0.002038028354465382,0.0012037357727968459,0.00411763187069963,-0.0013286071620463259,0.001285022024291339,-0.0005862088674671302,-0.0009791708269688197
28,-0.0019528449568067445,0.0009051882120282898,0.0039068934813797935,-0.0013713940784492588,-0.0006178437083498808,-0.000631662634792544,0.0020966047335621396
29,-0.0018665341357830335,0.0006107055592898399,0.003564622606068637,-0.00133084084472412,-0.00359092647299071,-7.39050023019696e-05,-0.002149883717388875
30,-0.0017658793332807246,0.0002625457734659723,0.003266225763655893,-0.0011885024010087131,-0.004304160274291497,-0.00019785630135652407,0.0024398792801789016
31,-0.001650570442403848,-0.0001403014912841629,0.0030073368345576463,-0.0009046898011096025,-0.002081923231847994,-0.0007716243702293312,-0.0036054497366533912
32,-0.0015261306383501617,-0.0005738778024829682,0.0027183787725026075,-0.0005339545522439757,0.00034371842235141043,0.0004919835699843636,0.0034415173833728294
33,-0.0013891840349624458,-0.0010527726968835801,0.002440158988820414,-5.735106296696175e-05,0.003946149165864524,0.0035769761510741397,-0.0006745044290006204
34,-0.0012490198465102001,-0.001535642227248273,0.0020303006821530507,0.0005865955527184624,0.005153452683806679,0.002130514218112536,0.0006794386720750752
35,-0.0011062051324992792,-0.002019872188471963,0.0014776890244414453,0.0014015294456625432,0.003417210442089913,-0.003857666671521639,-0.005265726107640177
36,-0.0009532666446369413,-0.0025382458600868235,0.0008848125776824702,0.002380074920698492,0.0012593930647843686,-0.0037241958092633794,0.0043069791804830025
37,-0.000792211083681659,-0.0030817111152338724,0.0002177884196409754,0.0035416808442420744,-0.0023311781606835335,0.0018384665393497055,0.002543875696127326
38,-0.0006387609627775837,-0.0035320876764635472,-0.00027304795748025524,0.004109866691292719,-0.0035317708285739946,0.002611963272354647,-0.004008228112189111
39,-0.0004936071903161814,-0.003881131520520316,-0.0005529928089053669,0.0040138975098145775,-0.001842834747293467,0.00014268469982088803,0.0026214649717172136
40,-0.00035074565567395205,-0.004177873968000415,-0.0007653718164060571,0.003638521227870333,4.760849397555689e-05,-0.0009001161438863966,0.0008833064632043975
41,-0.0002144585697537403,-0.004389066256242175,-0.0008364255882324415,0.00276590709277077,0.0031744489354374405,-0.0020543769456303537,-0.009632736864711859
42,-7.382523996278569e-05,-0.004590564159636729,-0.0008882307172805136,0.0018489305544810526,0.0037970844387417804,-0.0008689540931113601,0.00861664994629199
43,7.148991551633625e-05,-0.004784598363534214,-0.000929925538088125,0.0009147292591161889,0.0013890776153780294,0.003413274604080157,0.00280127050111283
44,0.0002122141252677367,-0.004903149217374239,-0.00083399386898511,-0.00045592665176506114,-0.001405349122527378,0.0022507369563937217,-0.006468831343723997
45,0.0003504531658624018,-0.004960253548840072,-0.0006234004604198432,-0.0021735936825271304,-0.005616781184375146,-0.004186574400825598,0.0037204081976650724
46,0.000494913967069755,-0.0050291540447056715,-0.0005186570124504061,-0.003335801537330203,-0.00641352506425081,-0.0030991137772818245,-0.0007777058462366187
47,0.000645105981149776,-0.005106402434397663,-0.000520180729250688,-0.003915089377497914,-0.003167913440063601,0.004564453147088752,-0.0024232545573820326
48,0.0007981212402098914,-0.005164635606514529,-0.000534891127005354,-0.004285085123404452,0.0009595877316855682,0.0036921377138476336,0.0028742401509261983
49,0.0009559218569372965,-0.005220277886334588,-0.0006164070686298144,-0.004211115224193359,0.007310666944315423,-0.004211509061919842,-0.0030548551518941014
50,0.0011107118710562529,-0.005209940259256827,-0.0005998420001715675,-0.0043318599888292455,0.008675843201661655,-0.003670076238562246,-6.17662708848279e-05
51,0.0012619689554678032,-0.005128624918209872,-0.00047269271005429307,-0.00468284506358945,0.004219861057644308,0.0034814317012601026,0.010624111307938515
52,0.0014150740825235035,-0.005020199783628632,-0.00036016955338918265,-0.004745316998238976,-0.001484297563888121,0.002639197376928942,-0.010986137369371457
53,0.0015681848783618234,-0.0048692898091506785,-0.00022420659765890453,-0.004654646369015197,-0.01040454158919021,-0.00433254885693462,-0.003272005158271615
54,0.0017346746386204361,-0.0047685791201003405,-0.0001653565901971253,-0.004354563089407573,-0.012971643533826354,-0.004054598910347229,0.002025189927307105
55,0.0019163557324713607,-0.004730924315641255,-0.0002068351534298267,-0.0037724832039588187,-0.008077615683474662,0.001729201533349641,0.015344319274741862
56,0.0021055347998175677,-0.0047007002870627,-0.00027348683294539937,-0.0030228527250538654,-0.0019528362408954582,0.00429468690160484,-0.02029120326496826
57,0.0023061232142490575,-0.0047048264669115325,-0.00039729408445824044,-0.0020664847795670523,0.00798921193514025,0.005591065832178031,0.01587401663747208
58,0.0025115884050619154,-0.004698744821059908,-0.0005488832377523065,-0.0007975039800109217,0.012164474698146561,0.00266231826507505,-0.008738079653418199
59,0.002721412320705342,-0.004678197430310836,-0.0007234405877026066,0.0007885469677717787,0.009363506703197662,-0.006213524913735948,-0.0022910210514826322
60,0.0029423662954426925,-0.0046892951557041635,-0.0009649459406812936,0.002684354837703117,0.006347175595374356,-0.00615164926147552,0.006024989861318148
61,0.0031731978503354323,-0.0047230851021015565,-0.0012684057545412403,0.004923234583967974,0.0005499973360143767,0.0026577697107296166,-0.004563877323604212
62,0.0034023070219996628,-0.004695200172192666,-0.0015132366013808675,0.006286904693096475,-0.002657193485805404,0.004757135585644406,0.0024830194598672215
63,0.003629662602017389,-0.004604599292181413,-0.0016963039274809927,0.00666711820992986,-0.0023423684756614114,0.0025463958321738714,0.003612050443633882
64,0.0038601123392296498,-0.0044861866663773444,-0.0018735506519653323,0.006671091469185545,-0.003217626110040901,-0.001880211372528955,-0.0011173305264207418
65,0.004090823285448391,-0.004318864609357988,-0.0020148655780335943,0.0059591070354835995,-0.00384665205644756,-0.01128659703834256,-0.010547410476121639
66,0.004330451215471129,-0.004163973477610661,-0.0022029572938816687,0.005244143480684668,-0.003514510583501985,-0.0077745482810090295,0.012804886473800903
67,0.004579630856606371,-0.0040255453771504525,-0.002444726679197624,0.004571324467702457,-0.002608414513637103,0.009620199648528642,-0.009841223999264653
68,0.004831761339130919,-0.0038555615607665625,-0.002674453492486005,0.003285105476182859,-0.0003123590889769778,0.010787626418329043,0.002764231189725271
69,0.005088824898494658,-0.0036676289469370293,-0.002911142964897134,0.001528277166372127,0.0035035864279118764,-0.0019240626059586303,0.01290582347123199
70,0.005305883782212152,-0.0034913661714048878,-0.0030157740233093424,0.0002795651634503605,0.004847251578781837,-0.00695346626653588,-0.014063648042826815
71,0.005477619114338453,-0.003324287311758079,-0.0029667437723017707,-0.00046080951471328877,0.003593089738982376,-0.00915057211624622,-0.00234645710180124
72,0.0056264867174554865,-0.0031620738365814973,-0.00284276168402949,-0.0010711117606690076,0.001797400103104386,0.0013716406704007199,0.006203993865041285
73,0.005739240035660781,-0.003011804349831882,-0.0026014546979778574,-0.0013088195337978069,-0.0015145296852193302,0.02902581714074738,0.005640346127799529
74,0.0058400763262847245,-0.002844759755689905,-0.002307320810998174,-0.0019220515185806517,-0.0034656411696537127,0.018639029324615072,-0.005114517504279509
75,0.0059299907777735136,-0.0026606943987181756,-0.001963934947123804,-0.002955676560201386,-0.0037442041430960434,-0.030398539996110897,-0.009333294494419199
76,0.005984729614315632,-0.0024800313560433508,-0.0014998537651650635,-0.003836582301726468,-0.004541017024240097,-0.030703488102550067,0.013090930532501733
77,0.006008547632368385,-0.0022969958483813257,-0.0009259201016163639,-0.004730235010121238,-0.005140936521193146,0.011084875449471952,-0.0058464034630284776
78,0.0060361643669895534,-0.002107519118191168,-0.0003681434897020565,-0.005084131567251888,-0.004492339148665524,0.016430407514732612,0.0022549499408778652
79,0.006066817086552028,-0.0019136109965489957,0.00017421392593245123,-0.004776943895667879,-0.002679805077303037,-0.0020337845403769635,-0.005552935330916043
80,0.006085909558649616,-0.0017134107267444663,0.0007570496571302256,-0.004183485066435738,0.0003711543451129927,-0.0018925954050559067,0.0036534276508338754
81,0.0061014470854313515,-0.001506465166413009,0.0013506640276646881,-0.003125642000192142,0.0049480921296098735,0.006071614785989196,0.009379389706257577
82,0.006085665965182155,-0.0013010619930937757,0.0020508338584839378,-0.0017783857839952818,0.007459761152520901,0.0035462546415875942,-0.005939327581953773
83,0.006036141361160209,-0.0010973658997855645,0.002866205249404405,-0.00015778489865360298,0.0077175308845369795,-0.005014606162466825,-0.016492032512306798
84,0.005972785346237979,-0.00089110087421868,0.003726136266109927,0.0019910627607002823,0.007722459241930541,-0.007902492792497861,0.02108018625902002
85,0.005888838524937609,-0.0006842265101611749,0.0046538085452571135,0.004644302895637611,0.006577972999438625,-0.007008914757290809,-0.010587106697597656
86,0.005812662311856418,-0.00043891158302108047,0.005238760409997069,0.006062981408755102,0.004752653350597561,-0.0030761040863110604,0.00216887757628747
87,0.005748799365234122,-0.0001511868372894755,0.005432529708724882,0.006125321181153325,0.002336477632076399,0.006232621411307868,0.0059509385035282575
88,0.005678629468412383,0.0001596007367015867,0.005445094431112849,0.005649701031196322,-0.0016660812889379357,0.012125974804555689,-0.006201908990543414
89,0.005610477964003727,0.0005042539458146865,0.00515626357814264,0.004161621054491827,-0.007215872564620039,0.014736362317981524,0.0011069860496320159
90,0.005531969346152639,0.000861936416296905,0.004786842229035346,0.0027455917154605514,-0.010261577832477144,0.006868047631432304,0.004943426449159823
91,0.005441559611066759,0.0012314158265014066,0.004347728288368487,0.0014667665242112725,-0.010639200636791595,-0.014504659656144255,-0.014466530013618568
92,0.005352759652009903,0.001632773154970018,0.0036191085273208296,-0.0006306047457813849,-0.010320656886557929,-0.020724849576772578,0.014977795306424305
93,0.00526298829249712,0.0020620199545785633,0.0026410316916638944,-0.003325106208252333,-0.008276236639536803,-0.012582482329281422,-0.006437340915919268
94,0.005143402388950452,0.0024910653588966487,0.0017381496545768734,-0.004748927953907042,-0.005740850768290539,-0.0014804571216705362,0.00209898918755038
95,0.0049932829059337784,0.002920323945838029,0.0009055123770380177,-0.0048488486457424415,-0.0028003757774862936,0.018862796542708737,-0.00422753284270754
96,0.004824776721007422,0.0033609671916835053,8.21228747680699e-06,-0.004367455678611525,0.002050181747082675,0.01974431114249463,0.004566568209990059
97,0.004630508013704778,0.003806311869809716,-0.0008774764883930529,-0.0028162852019931813,0.008617438320132037,-0.0014453018055423665,0.00509992835427001
98,0.00443063852222753,0.004278478975346683,-0.0020069529499728194,-0.0015322085776202808,0.012259745945317944,-0.007350765526453898,0.0016229834774290758
99,0.00422641383393743,0.004779089090606518,-0.003401105085516577,-0.0005802673326941492,0.012807594581323769,-0.0033842535704656706,-0.03322464710871312
100,0.0040015719607033075,0.005291829000222819,-0.0048734623180467715,0.0011269943035877514,0.012405271168364736,-0.004436853498147021,0.0342667594153873
101,0.0037604702574793613,0.005821846550482289,-0.006484934996060323,0.0033115766549428817,0.009864842424464228,-0.004761150148960381,-0.00015911094583506181
102,0.0035399918245998916,0.006233744781626795,-0.007563981888388486,0.004534150740648073,0.006411084627082482,-0.000508287046637544,-0.010009976249817119
103,0.003341910218332602,0.006512017919137638,-0.008024831388461806,0.00479030736625537,0.002086728155721912,0.007566428175060815,-0.008660617545784843
104,0.0031519037388872324,0.006723832368726039,-0.008228531314135333,0.004576360675423471,-0.004765708867907573,0.006055821332344801,0.009121897433690896
105,0.0029800645822389117,0.006829484290020565,-0.00797760293636931,0.003524023643113629,-0.014003269909690244,-0.0055060127090367575,0.014261083318018437
106,0.002801104178268022,0.006902854105633088,-0.007617840341561318,0.002755079032554156,-0.017253772240228275,-0.006135370176434379,-0.015984847390547993
107,0.0026142364240964665,0.006947044751193854,-0.007169621413725484,0.0023140775219549154,-0.014037270130485823,0.0022632984940146516,-0.007935375828708548
108,0.002441108338194527,0.00688878944765218,-0.0062808330733508146,0.001325657978770185,-0.008328673765436646,0.0034470041832399797,0.013091833945415047
109,0.0022768645840526938,0.0067412309156031245,-0.005014846591853499,2.3109841730234746e-05,0.0020935467448591105,0.0005270986535198312,0.003222062796611448
110,0.002100671115502046,0.0066076839523213455,-0.0039292964446430954,-0.0011132634523475233,0.007106554906631313,-0.0015368855938048913,-0.004995580765521311
111,0.0019136552191619072,0.006485852784159594,-0.003019810266621012,-0.0021446664552738134,0.005841583258549419,-0.005107537618242758,-0.007551601190146659
112,0.0017229114060843711,0.006332725426081955,-0.002052371199164822,-0.0031441895419910453,0.00509450750834047,-0.000850524216737843,0.011517807034724208
113,0.0015237406524751414,0.006172173926744868,-0.0011598606803334996,-0.004008693453573772,0.0023297021315776016,0.012382927974363982,-0.009976381124157059
114,0.0013346609449535502,0.005921429450794026,8.684206490325273e-05,-0.0052534758345151155,0.0012405845878277649,0.008175008112851797,0.004672603105256545
115,0.0011569418951549236,0.005573406901180878,0.0017220183647250356,-0.0068960877904906265,0.002629052748936907,-0.013026526170097141,0.006679756770011086
116,0.0009777773662104034,0.005187542005158483,0.0034272669195678793,-0.008599784296572406,0.002669652983769754,-0.011555393446208045,-0.009489548988159232
117,0.0008015558043963396,0.004743773677019276,0.005303722833476874,-0.010479831556891292,0.002346208624860005,0.00956311442016005,0.0015533097003433245
118,0.0005974768117265053,0.004327990034557188,0.006648328214316244,-0.011081669731399353,0.0017398429552243117,0.010459375143381217,-3.374057085960599e-05
119,0.00036133619887373803,0.003953949970588799,0.0073585873686635665,-0.010227590021247613,0.00038295997176511634,-0.0035395465450714673,0.009857959914539891
120,0.00011097278116440175,0.003565657832296316,0.007840120130249074,-0.008684875057006589,-0.0010279221409422719,-0.008204908967418835,-0.007556635938061071
121,-0.00016261994780283545,0.003188386080959207,0.0078834998345726,-0.006028104950166676,-0.0026197650018029736,-0.009336590776658198,-0.011032637183038521
122,-0.0004444635589239502,0.002784645002068194,0.007823084929920827,-0.003009691832786079,-0.0036440239059681422,-0.0040370052309121225,0.01106896628650763
123,-0.0007333384132646461,0.002349902387774925,0.007683005546411968,0.00032831958182078793,-0.003922032554531354,0.011731150501130239,0.006050592911690309
124,-0.0010447950986424417,0.001925204160452595,0.007106004274568116,0.004748123780339449,-0.003937998468662273,0.013562597909079335,-0.015283194687893126
125,-0.0013759479841325606,0.001502828214424645,0.00615330290686572,0.010112535691763439,-0.003435559784948977,0.0017945326632782823,0.018336891037364023
126,-0.0016998703536869897,0.000996102051814769,0.005456686418568121,0.013340735396710211,-0.0025135055090858105,-0.0015688814879087274,-0.015450172951054742
127,-0.002016454327561086,0.0004030147352428433,0.005016917354924255,0.014249409297960558,-0.0011635080606160046,-0.0007361197689190878,0.009656302559937619
128,-0.0023369509113478986,-0.00023981109687875457,0.004562848975149224,0.014221284677406043,0.0009182965066178552,-0.007244185394300203,-0.0008705845484282773
129,-0.0026547646375864715,-0.0009544399853910806,0.004247187289101304,0.012422932053840036,0.0037519939493600506,-0.018487971798344358,-0.011400212178103856
130,-0.0029899141730863246,-0.0016800052335296403,0.0035974986023604126,0.010856548426121094,0.0051938299850317815,-0.00882186366900923,0.014450707536219333
131,-0.003343852049919626,-0.002412637107769979,0.002576162463161802,0.00963263869996732,0.0051202888179382655,0.022447222508709237,-0.013575772465379384
132,-0.0037012612805760654,-0.003201175272372171,0.0015401738320826607,0.0070250324701327015,0.004600484231033295,0.021098258934276897,0.004944020389481399
133,-0.004066710248824085,-0.004032367361969945,0.00037921815635892924,0.0034428268641772965,0.003073112705960507,-0.010735048683266336,0.014557993330366253
134,-0.004386313785048333,-0.004690118990219354,-0.000484596891966375,0.0009972263725954666,0.0016260970550278444,-0.013848899016677144,-0.017559002139494302
135,-0.004652897703958851,-0.005158161996443381,-0.0009722485769393292,-0.0003406519808781068,0.0003457452744636118,0.0038776836549496677,0.008822978340359026
136,-0.004894977482583235,-0.005528523794978012,-0.0013637113306381257,-0.0013128704656421475,-0.0017893769979859862,0.004763188744736457,-0.0014999670880540526
137,-0.005096479256134317,-0.005740123672876984,-0.0015293079618488854,-0.0014007751361407674,-0.004555584748400071,-0.0028459090397535587,-0.01479967169828682
138,-0.0052846943026727666,-0.0059290027396098266,-0.0016324028685419673,-0.0022968540090321037,-0.005653609963337175,-0.0026127650651119575,0.008319780686417772
139,-0.005460939590658612,-0.006099414583694805,-0.0016908159046818048,-0.0040891637405049775,-0.00500199328012823,0.0009634947447041005,0.030089493178694936
140,-0.005596795776586312,-0.0061280139313894975,-0.0015048832048864898,-0.0055048803358011605,-0.0035476683845645017,0.002457344031746202,-0.03407639084357251
141,-0.005697010955385013,-0.0060399124743332885,-0.0011041133340925996,-0.006914494982648325,-0.000685870055014943,0.003714595359093463,-0.0017834484498288842
142,-0.005805994456393691,-0.005972928747521195,-0.0009332450732034031,-0.007769706507305354,0.000963930376136703,0.002400873448053911,0.009893907476802037
143,-0.005923107656721676,-0.00592113891902328,-0.00099965274511005,-0.007872104606183893,0.001214933673899626,-0.002401472409332243,0.011845101400054034
144,-0.006029263000784676,-0.005832234057018902,-0.001104405182913437,-0.007738124007541262,0.001863270235841722,-0.004442612469704592,-0.01464731774732659
145,-0.00613481723591727,-0.005737297056197089,-0.0013574432601988157,-0.007170877225160488,0.0022797214880893443,-0.004173043246848757,0.0010378137629504956
146,-0.006205086954798499,-0.0055184845978335844,-0.0014427858388064714,-0.006164647422688644,0.0025461508823274265,-0.0009223737928752913,0.008310491981885073
147,-0.006237021007258395,-0.005166437025980133,-0.0013351036070060878,-0.004742409369674183,0.002807765319815775,0.006833803898834058,-0.01605026653511155
148,-0.006255839317280468,-0.0047632220346310854,-0.0012808819406229005,-0.0027177896723149415,0.0025261811511555076,0.003858534599999477,0.015285791672455414
149,-0.006253137187288731,-0.0042802958731565175,-0.0012073959905703683,-7.404614689648269e-05,0.0017228358882114706,-0.01037964436042641,-0.006577740820568771
150,-0.006260245833098956,-0.0038821615660133563,-0.0011907704623463106,0.00165122150233976,0.0011786843362542113,-0.009250732483571755,0.0005637414131325566
151,-0.006282536520404847,-0.0035920809768737387,-0.0012653956352747945,0.0023605592479613645,0.0008418740140009546,0.005475794633174658,0.0015317744055810994
152,-0.006298753272783507,-0.003310394875144007,-0.0013426484097014406,0.002813606038582758,0.0003233704493049689,0.011680452921110238,-0.0031943455284714484
153,-0.006318180756732327,-0.00308498100989877,-0.0014510461413037067,0.002602082805371534,-0.00022621561474813048,0.013528798335891387,0.0099477233652651
154,-0.006327860377866582,-0.0028376677766423788,-0.001603081281897232,0.002680725600591626,-0.0012051628593551544,0.005923379290787761,-0.0059849886610094695
155,-0.006326033413114872,-0.0025608072850244953,-0.0017930063976630962,0.0031237264888353,-0.002680169410907669,-0.01557585771960191,-0.015129040074084341
156,-0.006327361821541377,-0.0023358786465689715,-0.002041479539098376,0.003107790705763355,-0.004357672793965215,-0.018963103877461588,0.015598494909775534
157,-0.006329140881465298,-0.002147163624468392,-0.0023521679941011816,0.002839736848883479,-0.006350379160076229,-0.004715681996256567,0.009149172174536322
158,-0.006298142846249534,-0.0018431390867251212,-0.0025730742194506892,0.002601363740642115,-0.005890431187222743,0.002884423750374487,-0.013713414313614317
159,-0.006233440172708515,-0.0014217661740579758,-0.0026961795218047296,0.0023119176421679995,-0.0026778639727920795,0.009846521673254597,-0.0059905143829473255
160,-0.0061492097394277925,-0.000945956829626144,-0.0027985354575289874,0.0019737581951577154,0.0018938748538492006,0.012380663707509853,0.009523206605625535
161,-0.006036929161552713,-0.0003777628908271975,-0.0028409973308363675,0.0016296963530918664,0.008624286685474757,0.006685281128620969,0.007954114409219105
162,-0.005919574142580662,0.0001730572478035153,-0.002917670835600705,0.0009069281598288644,0.010110877081400809,0.0014806926136599978,-0.007735527414988917
163,-0.005798586293879091,0.0006992812557622743,-0.003037179141859191,-0.00021155539603316036,0.005670286578549717,-0.005291210458838867,-0.01324035789263563
164,-0.005655327189187519,0.0012870245048918108,-0.0031202265950622888,-0.0015174532623869884,-0.0004655975764899802,-0.01194261470908927,0.017417724444578255
165,-0.005494758609822179,0.0019119643929873893,-0.0031881873975625635,-0.0031017154775576936,-0.0102922887776297,-0.01720036823398638,-0.004240101176114508
166,-0.005364869666779611,0.002412467749290268,-0.003174310387424051,-0.003965264833533647,-0.013642930450767764,-0.006880038903451817,-0.000494562889990163
167,-0.005268263665509479,0.0027818688582634957,-0.003062050746913421,-0.003999441563309489,-0.009452533904281156,0.021583674308244857,-0.0032581138641653304
168,-0.005185820041501719,0.0030787254107032566,-0.0028974556476207515,-0.0037488437929156545,-0.004281789952664325,0.019540186591279863,0.004086139222490169
169,-0.005130755924248524,0.003258768157809428,-0.0026580725366991804,-0.0029312628983384453,0.004563801074680177,-0.012514465345983751,-0.001262255558367873
170,-0.005070810152660019,0.003435628446320432,-0.0023633754767812304,-0.002082536424414899,0.009450287313615944,-0.015984092553644417,0.00041950866681052983
171,-0.005004952134481537,0.0036118869027673686,-0.0020147295405861403,-0.0012447556766629786,0.009335827926042475,0.0019056645665119002,-0.002697425357905423
172,-0.004961132018668161,0.003690935094585215,-0.0015808070606942854,9.812879784968455e-05,0.010138513289275166,0.010017968718624209,0.0009734820158221818
173,-0.004933190112786938,0.0036941647451729526,-0.0010635962196873445,0.0018377817111767045,0.009854131456550732,0.017499682665811197,0.0038271126256323633
174,-0.004893186563168136,0.0037066565929717884,-0.0005436739882800063,0.0029778888092656325,0.007468727638737238,0.010658590193340872,-0.006235120878501181
175,-0.004842531593492817,0.0037223658282215318,-2.1736206828596875e-05,0.0034970479650287016,0.003348358731017376,-0.015771505307689802,0.01039025479192316
176,-0.0047909931229008045,0.0037128332700605373,0.0005417555166328279,0.0038020100929150712,-0.0036818952346092497,-0.021928478223483244,-0.0073012456359797424
177,-0.00473225382129921,0.0036965512183601158,0.001127761798833361,0.003637752174797308,-0.013911043186851192,-0.010135880102854489,-0.0073601251219289395
178,-0.004690861919553406,0.003594661952868722,0.0017942534754035956,0.0037201756606758296,-0.016608319842068977,0.0012728892716891704,0.006830086805114322
179,-0.00466854829338235,0.003401327737164437,0.0025474066016492503,0.004090726211054268,-0.01114702593059077,0.020034013609450962,0.009330131206775253
180,-0.004648271391354877,0.00316936528004889,0.003343839258960526,0.004177138587681836,-0.0029688067191829277,0.016424562759487574,-0.014853736337763442
181,-0.004635865237381901,0.0028795941209656542,0.004198007144627383,0.004133394331892429,0.010722860104703476,-0.013456406634194366,0.01062596649519781
182,-0.004592374494580365,0.0026738042725582604,0.00477352607048855,0.003969481521033553,0.015967192597150053,-0.014185376720890652,-0.005245603609977976
183,-0.004512412221457564,0.0025702101279499374,0.005032121330193043,0.0036155003638330607,0.011423301165751833,0.009729226205551481,0.003573233080090694
184,-0.004418768552007346,0.002486995197357138,0.005142564025281886,0.003169739815256973,0.006157983080399126,0.008837876697234286,0.0029698770825303264
185,-0.004300049180196995,0.0024650494356419665,0.0050066266888833715,0.0026123379206548563,-0.0034509022741071125,-0.009140740605305796,-0.02228904758593854
186,-0.004175047785657466,0.0024332360712324736,0.004808810978239548,0.0017889996667707507,-0.008673563387465721,-0.007793035510869015,0.018323244184580686
187,-0.0040453504797739815,0.0023854228556896588,0.004557704948974342,0.0006968931068621881,-0.008193565806399386,0.006941694922872488,0.011724522023878577
188,-0.003891375166312671,0.0023933957458602577,0.004071623195865963,-0.0006137709800126112,-0.009198527533213041,0.006851582980720555,-0.02047385458149372
189,-0.0037167627553948254,0.002442956682396446,0.0033840403026242525,-0.0021836692068115315,-0.009393331739321407,-0.0037769922209654324,0.009859639567232086
190,-0.003555978527335383,0.0024113899023689585,0.0027565696893412455,-0.0034643603789193222,-0.00746037964516224,-0.004585842203988518,-0.0038905643718593922
191,-0.0034092221486069544,0.002297837246754191,0.0021846207920383563,-0.004408626167628685,-0.003912331036561243,0.0007719156116876029,-0.001122390821634818
192,-0.0032620826461968754,0.002152401536767947,0.0015601764689277288,-0.0053126652189225505,0.0024885483654673523,0.0024816869102924676,0.0003474245163935198
193,-0.0031230336615027214,0.0019446467179166896,0.0009444841980640313,-0.006027939777096797,0.012052745879461669,0.0033621864627257345,0.010805626198945126
194,-0.002966583448184844,0.0017653243859185306,0.0001302055954998019,-0.006867974392314901,0.014802949802240851,0.0014273140686756815,-0.008341071475291504
195,-0.0027909044138449677,0.0016204432140366164,-0.0008996049365882462,-0.00786130604191159,0.010213155250756202,-0.004843104752444234,-0.009215977431971131
196,-0.002615586533198459,0.0014397586715445337,-0.001994230222264944,-0.0087248030730441,0.003378755342624022,-0.004701525617657954,0.013086464855632975
197,-0.002434837246914662,0.0012435444568126743,-0.003203211194629091,-0.009526782604885374,-0.00826247402247502,0.0016633989873446522,-0.007140997341394603
198,-0.0022728422672319303,0.0010791852266721859,-0.004058483618177416,-0.009402065699443641,-0.013000917455083845,0.0016341793664609503,0.0003765758571073628
199,-0.0021342029086085655,0.0009436773832233783,-0.004498591619784054,-0.008222389323313173,-0.009686346582675224,-0.003248227737202101,0.013644870345367346
200,-0.0020034193888842965,0.0008292483703934911,-0.0047807980463139286,-0.006435610447435392,-0.0060960265434539486,0.00023286945938403688,-0.012103202071852998
201,-0.001888043902120006,0.0007476202411356267,-0.004767409701980164,-0.003774931221104139,0.0007949718601975637,0.010765888557285469,-0.0095657901018471
202,-0.001778807143432187,0.000654711837641902,-0.0046953645998863746,-0.0006631324224782367,0.0054374908371831844,0.006280784099651624,0.010463040998623484
203,-0.001674922597542205,0.0005503510964358733,-0.004579915974281398,0.002888602894695847,0.00685512086079462,-0.012460907221168601,0.007417619379677811
204,-0.001588016895716554,0.0004668538302419287,-0.0041779660021564625,0.00734315665398828,0.0102133697824189,-0.011099071459832605,-0.015845835734140994
205,-0.001516583388052877,0.0003956122925010599,-0.00353337468309695,0.012635379094059932,0.014068354226118249,0.008081181590918668,0.021091100739432524
206,-0.0014359409060721929,0.00032793354341897847,-0.003043378723304508,0.015431367002691187,0.01326987907825292,0.008794611296732964,-0.014316219481306323
207,-0.0013459175159853442,0.00026707780307522113,-0.002706336566968669,0.015480232650760161,0.007869558992358338,-0.0043158170392563954,-0.00845319506383359
208,-0.0012578168809351965,0.0002117992106304611,-0.002355304369740682,0.014328867679836422,-0.0008288270887806444,-0.004210029957043783,0.013842922714018272
209,-0.0011657062594948892,0.00016099256533322513,-0.002085698106408744,0.011054464715833887,-0.014173902794547813,0.004251615395870801,-0.00018957926124646939
210,-0.0010875550828779949,0.00012946075928911322,-0.0015950631246885636,0.007728047150984213,-0.0193824964509151,0.004271975987935127,-0.0029841335263893235
211,-0.0010249947631514936,0.00011789735689152804,-0.0008597436291892051,0.004459207471587809,-0.01553959049636066,-0.0008452412242550848,-0.00584915633986448
212,-0.0009644171515720355,0.00011855767072649448,-0.00010614868499970832,-0.0006018753374941214,-0.009964976779954393,-0.005625458297614885,0.007194425209767379
213,-0.0009101237387843176,0.00013514494835759934,0.0007364293626837158,-0.007044141456437881,0.0006364248560013656,-0.012560086027433614,0.0011301987513600608
214,-0.000852625295511583,0.00010849866757419863,0.00139832758285249,-0.010671729601198582,0.006505447534583019,-0.0076377909290559305,-0.002655464759662788
215,-0.0007896531187202304,3.2499127919238334e-05,0.001829643196681835,-0.011332581618598674,0.006504024484993298,0.010851579532296984,-0.005986333422193797
216,-0.0007289410125302743,-6.19375136286506e-05,0.002209665524478234,-0.010758425058959955,0.008093715882296505,0.017166924172909364,0.004496129166455619
217,-0.0006675250187594033,-0.0001915573836161987,0.002455936499137446,-0.007843949673363515,0.00880530418361916,0.013452902332312914,0.009280916171707775
218,-0.0006080302895811746,-0.0003236461863906898,0.0026734180410716204,-0.0055280903155400995,0.0068698019581723445,0.004362732747746659,-0.011438068847766908
219,-0.0005511033850689802,-0.00045598970493412975,0.0028739228156306985,-0.003962123640806464,0.002739221716116817,-0.015549224129238452,0.002526905475887851
220,-0.0004927998955429186,-0.0006197743767283147,0.002930225641813779,-0.00072690592663633,-0.004739897741378755,-0.020824347748767194,0.002230352365894783
221,-0.00043368320247373204,-0.0008085336883690323,0.0028616416472126015,0.003566072026216138,-0.01603868796255624,-0.010542994328210441,-0.002233817889252557
222,-0.00038637794722113327,-0.0009772833692904366,0.0029510597381524374,0.005914930428775417,-0.01845544881440347,-0.00013098447311515838,0.0016109139726467406
223,-0.00035142732414428836,-0.0011263583399324885,0.00320344091074329,0.006334108604885089,-0.011254502106665494,0.016245019476802194,-0.0046809924901917415
224,-0.0003231399023962944,-0.0012733764957558245,0.0034929289955144206,0.005840891510976967,-0.000987281221316595,0.01833786968870768,-0.0003029540776232093
225,-0.00030480975606129654,-0.001407416149807508,0.003889704289240614,0.0036773623389822385,0.01563559189262639,0.0031021711327233414,0.01747996112307315
226,-0.0002881785140773053,-0.001563282118873585,0.004193255029264511,0.0022237474386719194,0.02126454823517441,-0.00385528867598488,-0.019001196313386152
227,-0.000272702049760436,-0.0017432892902616418,0.004387864298508003,0.001579034247305176,0.014184433392093555,-0.0070514121392311795,0.003323989898933233
228,-0.0002652984482835836,-0.0019212537900691092,0.004630523320938596,-8.790083480987023e-05,0.005472439321222173,-0.009701469173570685,0.001692619219805595
229,-0.0002642025753272572,-0.002105069276747519,0.0048753651027568425,-0.0022757326335754264,-0.009428778466860828,-0.007663906358890311,0.0053507777408254515
230,-0.00024128317095431495,-0.0022525224412136176,0.00497038037098439,-0.003463039195078676,-0.015332448060218358,-0.001664396836590227,-0.006407734262940947
231,-0.0001945550502833954,-0.002356525962211194,0.0049171131470044,-0.003716803878134409,-0.010243713206425416,0.009474011098952512,-0.0016107403398227592
232,-0.00013602394876972731,-0.00244256654785013,0.004753423146717028,-0.00341515887886988,-0.005222126995648336,0.011023356620464211,0.001459802827409359
233,-5.781478018563647e-05,-0.0024977377869536328,0.004439303656784649,-0.002185050654536161,0.0037854934644969427,0.0021257128957877865,0.010718602053899101
234,2.2162724509606262e-05,-0.0025400771197559764,0.0040979053162581375,-0.0013897538229895653,0.008192218675083783,-0.002923835324923094,-0.010077931865166576
235,0.00010327739472171111,-0.002570909219660225,0.003729786644690929,-0.0010660638788434179,0.006412802152481529,-0.007223698377179052,-0.005318746454889075
236,0.00020156426992879527,-0.0025693423195909592,0.0032373777949875294,-0.0002170590426288918,0.005901949144605698,-0.004805786947229921,0.008503840579723511
237,0.00031364824167799384,-0.0025384515564173646,0.0026436867362012043,0.0008733306398344571,0.004298656561024096,0.007150749882201963,-0.000575507828179746
238,0.00042179600435132323,-0.00251801134790849,0.001996413070186215,0.0015047944572562603,0.0028632124722151944,0.006628091503761071,-0.0035937286253975615
239,0.0005267298767756387,-0.0025080654616070727,0.0012862231691958834,0.0017214923986671679,0.002398660756170823,-0.005498337764576328,0.005934566348821546
240,0.0006350237591478535,-0.0024908436327956284,0.0005034597554560654,0.0016601258396598166,0.0003745086400369764,-0.006429630657471039,-0.004342226203084608
241,0.0007426326523389673,-0.0024758492491046957,-0.00034374514709931137,0.0011502887078330608,-0.0027665076965212457,0.0006287984192461743,-0.0028693926058855077
242,0.0008646669490771726,-0.002433533769717335,-0.0013137946102250574,0.0008665839838477166,-0.004899941544601713,0.0016423913203743906,0.0051399907647298035
243,0.0010022537416534145,-0.002361289084981411,-0.00241120267538039,0.0008216696371927554,-0.006228072313174066,-0.00022087252471791164,0.0006681253326042756
244,0.001144776518062911,-0.00228127459012293,-0.003602500031136705,0.0005333938180838733,-0.0074443184761223994,0.0012744276819095545,0.001093647127897856
245,0.0012958412752651092,-0.0021864255277938634,-0.004902837876454016,0.00014089344705072514,-0.008118647853550612,0.004489468959247215,-0.014110100648943956
246,0.0014343676656185537,-0.0020945416834774406,-0.005836230440185066,-0.00012430586414652561,-0.006411285680139382,0.0023190312274708413,0.014270746800856566
247,0.0015573138917711336,-0.0020095269057520703,-0.006353136652505568,-0.00029379331068583566,-0.0020915716862916793,-0.005006680192227555,0.00019218495182568487
248,0.0016773643000646127,-0.0019176306271877451,-0.006689451757425958,-0.0003824790034769331,0.004335720814160681,-0.003983043602428617,-0.003667575183657447
249,0.0017883375472966291,-0.0018243360261292992,-0.006708272778361976,-0.00033851626550286033,0.013486459414197816,0.004841212350711064,-0.003513920807770238
250,0.0019001352923716031,-0.001724026935278881,-0.0066775819325417375,-0.00042927425344044457,0.015129566032928352,0.005330357479544266,0.0062747326558201125
251,0.0020136723264790883,-0.0016155718174172486,-0.006610828007038503,-0.0006583427048592739,0.008432092834908762,-0.0006876255456378343,-0.004993791619350117
252,0.00211848553380512,-0.0015066461232553711,-0.006250530386113762,-0.0008496367382608361,-0.0011495349793285005,-0.005560187248966549,0.002801859836751935
253,0.0022165150700659635,-0.001396070114882719,-0.0056467910498953855,-0.0010597540668103183,-0.01637263332256965,-0.01201219344755706,-0.0024438997892842424
254,0.00232705639001619,-0.0012617178122322644,-0.00515532251806033,-0.001070614698682565,-0.020905266189239886,-0.006853328878490054,-0.00045381393360847825
255,0.002450306851318085,-0.0011027416320852608,-0.00476964833151486,-0.0008427827398862374,-0.013145455076410179,0.011952453608506348,0.012000086452361797
256,0.0025781616678876265,-0.0009290044372168723,-0.004346993271326679,-0.0005186663512497653,-0.003260042257463838,0.014901108668287956,-0.009395807255581071
257,0.002715405326985426,-0.000734772207256784,-0.003971133340924058,-3.181294319697192e-05,0.013076261710894238,0.0036946107864341848,-0.01341751513279874
258,0.00284795440234956,-0.0005347594312688198,-0.003358965433727575,0.0005401139454428312,0.019734900178289726,-0.0020774024670293756,0.014562860849602437
259,0.002974821794623329,-0.00032994025879374,-0.002488749561886948,0.0011888554315182813,0.014742090262021623,-0.007617021232063327,0.009319442894759375
260,0.003106944040607145,-0.00010812593076689315,-0.0015670685525334843,0.0020138512860147723,0.009439668919685295,-0.008270369176412062,-0.014752241780223961
261,0.0032411502489657867,0.00012751545720306233,-0.0005271638798531901,0.003001880596653074,-0.0004595389140884051,-0.0009475429110199709,7.07335458129902e-06
262,0.003355978093957283,0.0003176465251137515,0.0002660889476319636,0.0034687738350934324,-0.005387875375370762,0.002819238389630136,0.003760549201357522
263,0.0034504348294274573,0.00045772972455752843,0.0007562122608585844,0.0033641044515141595,-0.0037123831420402815,0.004672431439497595,0.00506205080594444
264,0.0035322877898264875,0.0005734166690342473,0.0011649209889884869,0.0030049989498016076,-0.003569373565665429,0.0032183809827099744,-0.005723508411291979
265,0.0035955991857697265,0.0006479559654981718,0.0013834629139007346,0.0022026609104418746,-0.002376229672913412,-0.003844983541282606,-0.002416714561288668
266,0.0036552498857038984,0.0007184554006493763,0.0015767892656162387,0.001380278723706849,-0.0024373226215330516,-0.003483601880856786,0.004633857377956752
267,0.0037115199820808658,0.0007861732516218921,0.001759499003278747,0.0005604439983293352,-0.004725927894566889,0.004015499143712391,-0.0013582806965750384
268,0.0037515892827243557,0.0008174200411581067,0.0017510769592835112,-0.000634793556809131,-0.0060576601354624515,0.0038064606392413476,-0.0007306748826045556
269,0.0037782023804445886,0.0008190926034074515,0.0015825737507423963,-0.0021213328615534337,-0.007187954952432495,-0.002249297385417284,0.000859028974920482
270,0.003802700837081456,0.0008294179611384335,0.0015971927269703772,-0.003058366820249448,-0.006321350631466516,-0.00167195668435361,-0.0011068534220900583
271,0.0038242311902075446,0.0008468644211635877,0.0017979640578681376,-0.003416449115380429,-0.0028546884084871557,0.0037037161852567354,0.003966109154637331
272,0.0038388739445657663,0.0008569329997865875,0.0020372592012000367,-0.0035415310171597117,0.0017767570439745834,-0.0004701071946752514,-0.0011492177338026772
273,0.0038490491328203144,0.0008683066550752845,0.0023993884126145733,-0.0032125145892812836,0.008238551729023354,-0.013127545212156283,-0.009141986078239357
274,0.0038441765872408787,0.0008485450781903412,0.0026335307838430454,-0.0030202618573181134,0.010922899411603895,-0.009504920285022792,0.011447260439502316
275,0.0038234078992899546,0.0007951204806398995,0.002720648689330832,-0.0029952579324276254,0.009256988425837458,0.009442293768201042,-0.005107284725646463
276,0.0037937376403565405,0.0007307733742535978,0.0028539403338908695,-0.0026523208968871896,0.006531939221663753,0.014439497100957726,0.0034793346286491364
277,0.003752542990384032,0.0006476950650745644,0.0029758980718111432,-0.002114602303972155,0.001216127286477965,0.008929546032657023,-0.006904333634170394
278,0.003718382333411226,0.0005898942238872409,0.0030069048399676986,-0.0016353381767056589,-0.0017962756714997481,0.00048484495738371745,0.007512262681244956
279,0.0036935946279219433,0.0005637149620031282,0.002959328879641828,-0.001176026425508969,-0.0019774564941381265,-0.016413962385833782,-0.004884611954189393
280,0.0036673388006067077,0.0005424050487652716,0.0028283847649972454,-0.0006962897160175669,-0.003006176724175579,-0.012717362865136321,0.003745112635852552
281,0.003644922294985227,0.0005388246861287537,0.002595637252283587,-0.0002467702478963563,-0.003656554927310348,0.01370109619895115,-0.0054756625236959365
282,0.0036169606566383086,0.0005323052011259416,0.0023508415506553883,0.0004500028371096542,-0.003940470905186313,0.01331331816966364,0.0045287478647390664
283,0.0035825790586072365,0.000520835264256007,0.002091947571387388,0.0014068135588977484,-0.0041684661443556655,-0.009864574488419481,0.002041030521592769
284,0.0035511299748823538,0.000526167240261902,0.0017576241402754728,0.002449096166137677,-0.00335519303938203,-0.009612114163801325,-0.001929335720605003
285,0.0035206867208119655,0.0005441821463447866,0.001364738560450923,0.003641739852445257,-0.0015232847637102057,0.007312292605079468,-0.008744399307337105
286,0.003475009603968054,0.0005341436143516717,0.0008958208452676191,0.004249686075871501,-0.000325257680617496,0.007219698929825423,0.00739268605386135
287,0.0034139135256736207,0.0004955235360204898,0.0003413806237157413,0.00418586388839724,0.000318220856135038,-0.004051625280350609,0.007810768618188623
288,0.003343941894098891,0.0004453441853330587,-0.00028017967873739444,0.0038457027714702916,0.001234051395724427,-0.007092541034018194,-0.011013715423983546
289,0.0032610149791929,0.00037343087679774547,-0.0009765070914609515,0.00301687336150106,0.002087633026311761,-0.00634404768346992,0.0024447758704746764
290,0.003177013718442993,0.00030930585395913274,-0.0017575324833543585,0.0020834554467450395,0.002439679858266776,-0.004148379557835139,0.0026130674282457914
291,0.003092662681837806,0.0002549593891159326,-0.002623909751485481,0.0010708902904550057,0.0022899312082243477,0.00243791948360272,-0.002715506232617015
292,0.002998641369072321,0.00018728348216030943,-0.003578905500692625,-0.0004031772817024989,0.0015931417845813168,0.01085598370504633,0.00542610739189794
293,0.0028975513856061993,0.00011285461377070455,-0.004626368617480023,-0.0022655360271514307,0.00020579095352550302,0.021659340765951166,-0.011719954561539951
294,0.0027994623707839287,6.138539692203712e-05,-0.005332715500946515,-0.003294822036466415,-0.0008562397681868918,0.010678325866372587,0.011127939972621511
295,0.002704311324455399,3.3289296930349455e-05,-0.005656459024792602,-0.0034297340697686954,-0.0015829526851649676,-0.024842150458781687,-0.007130269539660541
296,0.0026091846451122033,1.9304176430439408e-05,-0.0058052258981004905,-0.003206598099649478,-0.0026192068830506315,-0.02593749970961947,0.0008635695731133849
297,0.002516693079105014,2.7356385022976867e-05,-0.0056551807360567365,-0.0022994089767474305,-0.003747084667770001,0.005130453264679383,0.01313482255843955
298,0.002418733598964721,3.4827187168825235e-05,-0.005458117998375196,-0.0015221790598843915,-0.0027956859863683776,0.011570918349021853,-0.012526743496252461
299,0.002315140293552579,4.132787059475321e-05,-0.005225707623264132,-0.0009205102090640961,0.0004021538713355201,0.0026750572124313718,-0.00720157490251028
300,0.0022122562917902306,6.524443166708974e-05,-0.004720470035130853,0.00019391237279547027,0.0049915376497700935,0.0018517375742824402,0.009866958394972317
301,0.002108485164364354,0.00010226240503701866,-0.0039896080479620115,0.0016524038559235668,0.01159928186971363,0.0007622931840512776,0.008409159087861173
302,0.0019998237732726278,0.0001394443511882887,-0.003343824872714732,0.002406281286707301,0.01261068293494277,-0.0015795744907209101,-0.010934196368420454
303,0.001886722682458017,0.0001781416383825908,-0.0027758908588250237,0.002442532317727716,0.007367131856687053,-0.003032109820011421,-0.005537974466818928
304,0.0017700924028709094,0.0002219909614845962,-0.002163238550791335,0.0021471087467764237,5.361670520974159e-05,-0.0008785869800970647,0.007430628405015179
305,0.0016490863676147528,0.0002683069171692449,-0.001578525327166598,0.0012501538049994117,-0.011383605455386442,0.005721676106231741,0.007008079927629413
306,0.0015278847633442402,0.00033018198895732584,-0.0007705950508947315,0.0005411699853730224,-0.01583587048453089,0.004232702376421246,-0.010665540609783539
307,0.001406711376543619,0.0004085153437686114,0.0002797068467501132,5.5265517407201055e-05,-0.01218648600311904,-0.005295184014675736,0.0015875231946112119
308,0.0012828592097088706,0.0004948889245062552,0.001390709889473009,-0.000832491112060055,-0.007504694630720906,-0.00638213138994595,0.0007297978144676074
309,0.0011573118447609488,0.0005925010679123786,0.0026218051298369724,-0.0019571737582177117,0.0011428658262447758,-0.0007837641971634133,0.007710993421004925
310,0.0010195538138872667,0.0006727769226056294,0.0035659627106711905,-0.002525375840910397,0.005245722545776442,0.0010440704700247433,-0.004798881231350669
311,0.0008683140576276783,0.000732277468382379,0.0041650388904948595,-0.0025351934649723083,0.0036676541181766163,0.0016526395632096998,-0.010194676159984071
312,0.0007092906885268271,0.0007869912827087627,0.004655066306184739,-0.0022506089837957288,0.0029470338760972255,0.003862940716962662,0.012351674578599814
313,0.0005394384750206597,0.0008287278572882406,0.004915643142364414,-0.0014673846741808589,0.0008545853683032523,0.006404329342241155,-0.008335577288801813
314,0.0003642134686821535,0.0008722931730254208,0.005141477047462015,-0.0008098069754845882,0.0004868715921919343,0.003510275959226349,-0.0025644935490059207
315,0.00018398166630549513,0.0009188702796450397,0.005347528552005532,-0.0002996727330441101,0.0026744833311803167,-0.0052281548468539486,0.027031899047395697
316,-6.716565987283491e-06,0.0009538027450164115,0.00532779106303751,0.000550961636528629,0.00413408701751507,-0.008849917103133813,-0.027526545830079196
317,-0.00020684283028556062,0.0009800364924756925,0.00511871534210579,0.001614025057825431,0.005768205607450946,-0.00813732238468708,0.0038410095609641417
318,-0.00040794027672771613,0.0010213207463633464,0.005083820693815981,0.002206654109959255,0.0051190041522452216,-0.0026397689350123907,0.005371287755375971
319,-0.0006100620734578834,0.0010777200473156563,0.005224168605760047,0.00232149788889465,0.0015646918117905894,0.010301289271927087,-0.004146551353192842
320,-0.000816675202624018,0.0011396560001773746,0.005385280244992491,0.002196144527784708,-0.003022717484864481,0.01103199951215783,-1.0716687209089463e-05
321,-0.0010257449455154982,0.0012129822578852878,0.005655589767957571,0.0016532616176853667,-0.00945364761748547,-0.000863868536137289,0.011941422425567222
322,-0.0012437570100639439,0.0012798957556495998,0.005764363936976899,0.0012205068518759713,-0.010910780634523581,-0.004505078355497507,-0.010853482756088205
323,-0.0014711942631479404,0.0013392165027465406,0.005690853838496085,0.0009174155672401074,-0.006657673116089155,-0.0033749227603254383,-0.0073315594470557445
324,-0.0017032021229801072,0.0014046068802260878,0.00564093687736917,0.00032716071977029784,-0.0006580981114715736,-0.001882398743554407,0.010086830539463345
325,-0.0019412834659661416,0.0014720715070066898,0.0055520340960641505,-0.0004420457634836845,0.008976548481790532,0.0033749888337846067,0.006407192713381889
326,-0.0021514005488097645,0.0015172818070720165,0.005391260135180994,-0.0009049789601262032,0.011824927921808486,0.003578734618149407,-0.008615625479375777
327,-0.002329566314756471,0.0015392361412436164,0.005176381844739246,-0.0010660966141746383,0.006812594419546679,-0.0016363015938062667,-0.007602087188914683
328,-0.0024928121765264047,0.0015464481726309624,0.004876449752247239,-0.001083690156581948,0.0005448560111253945,-0.0027900092079554428,0.008480742226698758
329,-0.0026311307843770175,0.0015322092759389584,0.004486300478963798,-0.0008353975662029819,-0.009749948153045408,-0.0014339897366543756,0.00932149264252364
330,-0.002762915832506422,0.0015137061519424101,0.004070921740538484,-0.0007158359493855883,-0.012429962315689984,-0.00013835938120202476,-0.01222663098691105
331,-0.002888951005790906,0.0014912257145272853,0.0036261866369568115,-0.0007404798068846521,-0.006072723092779465,0.0025920130147043365,-0.001841057293087465
332,-0.002990875529620845,0.0014500942874293048,0.003114807410645563,-0.0006084324180142711,0.001446901706718654,0.0010563766777443191,0.004501353115901317
333,-0.0030719498863052506,0.0013934814424051802,0.0025485991092380937,-0.0004027019968324869,0.013270402855758456,-0.005272229063112945,0.004562880151642501
334,-0.003158442805079053,0.0013338954435539378,0.0018709599041267018,-0.0002684094570565678,0.016666550031535513,-0.0046409638701371,-0.006666500166216246
335,-0.003249799255274654,0.0012703252734662697,0.0010721443634020703,-0.0001840740866712582,0.009971273528608791,0.002327739923456831,0.0032825468352119355
336,-0.0033350271378019894,0.001198531694252457,0.0001860726021124848,-0.00013715194309912393,0.001877055430653969,0.00701912881443136,0.0002368013342167917
337,-0.003420203013066725,0.001121159051936794,-0.0008046687190627024,-0.00015865967090417666,-0.01110004667217654,0.011466678313146303,-0.006114220743756398
338,-0.003484356387915756,0.0010263602827645412,-0.0018809019103951288,-8.438271658840307e-05,-0.0160847186087082,0.0061876625900819755,0.00705418307413799
339,-0.0035256829978599505,0.0009131874973807831,-0.0030415100977800877,8.940159672455266e-05,-0.011374951980366692,-0.011081329846454446,2.340317009576383e-05
340,-0.003559265568635136,0.0007894088308457947,-0.004312369149970176,0.0002563510086656786,-0.006051367874751952,-0.01476639052727726,0.0012689823562227294
341,-0.003580019917800934,0.0006520790057925845,-0.005690922676567316,0.0004523167941875401,0.0033763587155254985,-0.006094654414132377,-0.013751680853514341
342,-0.003609371854878351,0.0005232264537139334,-0.006708870593968049,0.0005124613321668939,0.007891804564425942,0.0003858003637558222,0.014875524296846453
343,-0.003650778352694223,0.00040557599280768175,-0.00732376498211791,0.00041058200781225816,0.0060865836669879185,0.00955302829830169,-0.003660813153584368
344,-0.0036902087898441614,0.00028638701966530013,-0.007754999692091354,0.00025036448790305676,0.00519753643319126,0.010110474109924304,0.0004156857299326979
345,-0.0037339717104195053,0.0001719508571048346,-0.007869361785680673,-1.7089523227954926e-05,0.0027956383559957876,-0.00046312754257705883,-0.005116258504539657
346,-0.0037727641663273157,5.101465835584194e-05,-0.00794413393881035,-0.0003241013937767218,0.0008907256491526275,-0.005597696483743833,0.0067860232446164325
347,-0.00380544669042172,-7.744309696873e-05,-0.007991520558909941,-0.0006636902535368836,0.00027117265560652466,-0.007972562954338007,-0.005969980028666827
348,-0.003842236146855338,-0.00020226948371045896,-0.007752909736129615,-0.0011135785385583512,-0.002018947435156125,-0.0022582410345460442,0.0059007741732370125
349,-0.0038812128233526584,-0.00032576879291416037,-0.007280358004565502,-0.0016610344499878094,-0.005381759783866906,0.01510156110545614,-0.004134827248974537
350,-0.0039006324794745016,-0.0004669988632810828,-0.006901644159564051,-0.0018248823592455436,-0.0056208062896730675,0.009588370974296975,0.005991781441289939
351,-0.0038999778932934308,-0.0006261515283086049,-0.006608156392927212,-0.0015698311008610162,-0.0027567196691117195,-0.018949652458351843,-0.013917291492543836
352,-0.0038884451677419127,-0.0007955713211851257,-0.006272012848060178,-0.0011158748312098139,0.0016630267404897127,-0.013209793971880511,0.012261887137035006
353,-0.003860493196756902,-0.0009800358706711194,-0.005969552587549008,-0.00032986144396690196,0.008672978506973284,0.023092631277865695,-0.0011861394650554123
354,-0.0038313638214815832,-0.001165542632915857,-0.00543331439464045,0.0004896071636877131,0.009500646170740625,0.01891611479014879,-0.005380090006002569
355,-0.0038020235115137683,-0.0013512348080125885,-0.00464300966022015,0.0013275997323958773,0.003397720093032887,-0.019090799883001313,0.006256517573414371
356,-0.003760225088672562,-0.001548065361782875,-0.003791123079989359,0.0024512018456264483,-0.004577124911722493,-0.021149258395258285,-0.007656272724643359
357,-0.003709283175770913,-0.0017529617990958237,-0.0028143218885102396,0.0038016861042696882,-0.01674513709256361,0.0036002899629204777,0.013974114073282069
358,-0.0036766033868833453,-0.0019123481309939359,-0.002020295833786562,0.00436251924964354,-0.019737288959711642,0.007592604232595586,-0.010239423678254596
359,-0.0036635033020073694,-0.0020219928288487013,-0.0014576991121118675,0.004069867380413776,-0.0121156440825271,0.0006138549402457324,-0.006232642388170298
360,-0.003659413686557831,-0.002104812040992175,-0.0009337431390825119,0.0033666116906447305,-0.0022050291312232808,0.002687971735495098,0.00843915103491194
361,-0.003671844292961043,-0.002145569166342994,-0.0005397990955677738,0.0019738536420113315,0.01360415386314517,0.0076837127564504445,0.001147756417936289
362,-0.003681996977141052,-0.002177656840113378,-0.00014006867389711723,0.0005517832450735074,0.020386625751905772,0.00364109350131759,-0.007237464335776317
363,-0.0036893133277230666,-0.002202061004102997,0.000279198540515791,-0.0008693141131468804,0.0163938494564678,-0.008096202907158342,0.015009646292835454
364,-0.0037099040374083494,-0.002188228837551078,0.0005683308555683853,-0.0028657415290201183,0.011817231491776319,-0.008105719153151319,-0.011439144176190602
365,-0.003740177067386424,-0.002142251419385132,0.0007536849710796759,-0.0053070366077055805,0.002684527150246441,0.002738444702706282,-0.00772991717568891
366,-0.0037647627921582553,-0.002098744042743704,0.001131761094403291,-0.006509586862667434,-0.002844861949770688,0.005814162946453909,0.011187056767625159
367,-0.0037845276905930495,-0.002056211748161592,0.0017067248993918836,-0.006386084126375299,-0.0034159224945684366,0.004220486094628439,0.004495472674750511
368,-0.0038047177625616276,-0.002001314512684582,0.0023515971849073624,-0.0056499614029381015,-0.00626711413097759,-0.0014246215600101386,-0.0063118759108737954
369,-0.0038218871353704912,-0.001941824533055873,0.0031401341414998545,-0.003846207707731482,-0.009262783920269075,-0.01455816069350122,-0.009385020080936456
370,-0.0038497676213926153,-0.0018481718370675399,0.0038589008432847074,-0.002107090786200146,-0.009545073632884067,-0.008751442721459763,0.01147816441546288
371,-0.0038893199578498854,-0.00171793169813515,0.004492537763238559,-0.00048591861562025226,-0.00757154779593898,0.017071682819460903,0.0037178016338478875
372,-0.0039310955675862565,-0.0015716342199782356,0.005207847151346368,0.001981454520787071,-0.003006131881301159,0.015109772390083279,-0.004493465852375393
373,-0.003978366330559096,-0.0014020658777639718,0.005956712210160571,0.005066929141483395,0.004825344956134715,-0.01168231634087641,-0.010238627973376805
374,-0.004008227834658076,-0.0012501932282381809,0.006435981203164482,0.0066864781811111045,0.007734903141258006,-0.012074184007837236,0.012942188370476091
375,-0.004017580199276432,-0.001121770898934171,0.00663312843888026,0.006763714682068349,0.00533754365308516,0.007522586975650177,-0.007116015598985578
376,-0.004019712297216559,-0.0009918560344895156,0.006655537033020836,0.006138058259925583,0.0021906724856713606,0.0075651299230010665,0.0005132643993922556
377,-0.004007944434329756,-0.0008723322251204699,0.006419797460537773,0.004256792766482136,-0.003723831560681087,-0.005155385567200213,0.01230646398642023
378,-0.003993462682108169,-0.0007436607882787289,0.006138956146128625,0.002588519959194505,-0.0052477208441338045,-0.005379632258031084,-0.011571970488862432
379,-0.003977196852426276,-0.0006038705516371187,0.00581694113551243,0.001201313981864073,-0.0015334719794557845,0.0019695803695536818,-0.008219321249561354
380,-0.0039475893277766865,-0.0004732161375313979,0.005271812132999954,-0.0011178416826142382,0.0023401321416931095,0.0031683179793520555,0.010119524562347285
381,-0.003906813827924402,-0.0003477196053956195,0.004543054883372646,-0.0040681161320790275,0.008250435422155627,0.0013998978699563452,0.011114765708172714
382,-0.0038749107721002805,-0.0001894447196867201,0.0037856170684686325,-0.005517342951536122,0.009657492761218805,-0.0002623197778981619,-0.012485130730719546
383,-0.003851980833083407,2.1865871522147393e-06,0.0029870713070710535,-0.005411886609818102,0.005572040830612312,-0.003765683078460797,-0.010899376221443706
384,-0.0038296864586844608,0.00021150280240244673,0.002095203170989107,-0.004562926098170793,0.0006365869032172201,-0.0018094437423554109,0.015769152219359577
385,-0.0038129529165255335,0.00044805355643313775,0.0011428660601251579,-0.002410954233755422,-0.006984854717773289,0.006256472284805008,0.0046465153399043784
386,-0.0037869151755356724,0.0006844798086057754,-1.6421069280717174e-05,-0.0005160015874442494,-0.010259382206769226,0.0050603440726196295,-0.004502377228158987
387,-0.0037505161830871407,0.0009190389634540683,-0.0013942284526386778,0.0010552015206434083,-0.008252401598018795,-0.004649303195494258,-0.023504282770043013
388,-0.0037151675606659058,0.0011733142733520315,-0.0028942864545287764,0.0035658619721487673,-0.0058774146533052,-0.005647608913752427,0.02422257809953123
389,-0.0036774944731915982,0.0014412921064619237,-0.004552895945967725,0.006695726540662362,-0.0012172163763793003,-2.0167376396228677e-05,0.006082345015890241
390,-0.003640645647205587,0.0016546825116599034,-0.005714102079639347,0.008410781045574123,0.0014177362142998701,0.002466114912180287,-0.013552069203777859
391,-0.00360617542814142,0.0018090055545800872,-0.006304595965666565,0.00867056774919279,0.001340803933488685,0.004486493622811754,-0.0015878109811853624
392,-0.0035701690153966937,0.0019320284062660377,-0.0066610054213666805,0.008225542969181664,0.002237351125034998,0.001215204370910729,0.0063324692819438574
393,-0.003533838663578392,0.002004606091396263,-0.006593689641052039,0.006544126359863295,0.002973198410608835,-0.009156543758564825,-0.0031972866539414007
394,-0.0034980482534777545,0.002071194973234999,-0.006460985617254408,0.005143532571623339,0.003202297346311233,-0.006369067764361432,-0.0013789739234851524
395,-0.003462550571173153,0.0021330411521496284,-0.006282750246661535,0.004085571587648651,0.0032451956666604905,0.009399677449564624,0.00893005745819633
396,-0.0034280647748295423,0.0021505991967210075,-0.005708844365110815,0.002152826009752607,0.0023596435338859665,0.008049510931848351,-0.009742829194543591
397,-0.0033948221799983205,0.002132109135089731,-0.004806427069326529,-0.0003432792955929759,0.000502738588653495,-0.00801491073189606,0.0038052521906991265
398,-0.003356303041806124,0.0021189350199311225,-0.004085830087981084,-0.002449936464580963,-0.0008114306672642876,-0.008455018624219494,0.00011862662736324475
399,-0.0033121587214329368,0.002108989591026863,-0.0035405026181792912,-0.004230384642139151,-0.0016451160936202937,0.0027650626610821825,-0.00028926992687050486
400,-0.0032657550656812824,0.002087014573501497,-0.0029630356081855615,-0.0059342787201206075,-0.0027992351145446205,0.007048497018398237,0.002796956393532929
401,-0.003215420003033263,0.0020622403747839807,-0.0024747015251097744,-0.0073415709072556035,-0.003968646848363432,0.008847939460335344,-0.011913236681322742
402,-0.0031651527642269166,0.0019985166779232307,-0.0016758272946191366,-0.009338343336787023,-0.0032731904435316186,0.004074459078439477,0.011393704349701075
403,-0.0031153402335663085,0.0018930073301219365,-0.0005359112512220318,-0.011963297230570765,-0.0005730157407299478,-0.01055646897868366,0.004027811167187351
404,-0.0030626141983217444,0.0017706006539455717,0.0006503162990242771,-0.014598260762845632,0.003476906784944232,-0.011383928973680206,-0.0031606853373396093
405,-0.003007894426581688,0.0016225168144158686,0.0019765382849768853,-0.017440309610818557,0.00943078550292728,0.0012111742141455762,-0.01814221531289753
406,-0.002953197425791954,0.0015033775309223163,0.002946215081532965,-0.01809658848776784,0.010517287144165496,0.005063528003534127,0.021748331931330946
407,-0.002898327552160694,0.0014206542396958163,0.003480329428044985,-0.016261433520966928,0.006178071318627659,0.004165750375695488,-0.0046847546622665135
408,-0.002842990338295354,0.0013417708570159857,0.0038820948954643927,-0.013198401265281937,0.00014411640207844645,0.002786600565890995,0.0010744814527601666
409,-0.0027876523066521688,0.0012825658638645468,0.004002568710935118,-0.00820052750419807,-0.009394441986760304,-0.0025975204642104044,-0.015008548501986158
410,-0.002730383940425004,0.0012165653464485666,0.004062244031233014,-0.002487437398847438,-0.013049593467559344,-0.0015062258526259088,0.01573801435956071
411,-0.00267116103765618,0.001141275939041708,0.0040803575636023815,0.003877871687466247,-0.009865507374045807,0.006511674287983579,0.0007844156191747212
412,-0.0026113394550702574,0.0010839520040269225,0.0038118418105630957,0.012151201482619355,-0.005874142727332737,0.000913575625137239,-1.9216099550786194e-05
413,-0.0025505247261666704,0.0010392732305235409,0.0032974918005575595,0.022116012465793193,0.001401057013729766,-0.017377544026853067,-0.015162035333797017
414,-0.002488703596004161,0.0009579228144641269,0.0030089244005341337,0.027319379317581657,0.004809052101847462,-0.011103128307210714,0.021767776739069072
415,-0.0024260292467218553,0.0008393267255695793,0.002950036343744137,0.027323243384657605,0.0033768208804420175,0.01835202372533085,-0.03044586311819179
416,-0.0023622439705631684,0.0007038304861130026,0.0029160917089766886,0.0250613723936573,0.002602092440208306,0.016527478991519958,0.019286912963382693
417,-0.002297386739481974,0.0005391111929774541,0.0030225153035393216,0.01876437844589323,0.0006021814121501176,-0.012469998051761876,0.020993943335715203
418,-0.0022318502900314373,0.0003811114986662306,0.0029244993504072593,0.012527547424348716,0.00034684001674437944,-0.01437648833639877,-0.02628927525236944
419,-0.002165631972851524,0.00023218817951785523,0.0025950854675975614,0.006566734759864327,0.0025666400233932698,0.0033830225586042014,-0.0077761194774191855
420,-0.0020985850967502615,6.424107338162055e-05,0.0022990202566075396,-0.0027194966969350735,0.004317067860646144,0.00903901932313668,0.016255436910649877
421,-0.0020308050993510323,-0.0001147545422596466,0.0019566890132655043,-0.014510438879376784,0.006458820532539695,0.010509421235250572,0.004025124229758308
422,-0.0019542830591544745,-0.0002682023922185689,0.0016512074878007636,-0.0210574038446128,0.006476026609893946,0.004313311903114659,-0.007686268059259396
423,-0.0018682077339072353,-0.0003955673032466763,0.0014188076824568987,-0.02209585243101321,0.003807584648366914,-0.0146521330532231,-0.008115916327426063
424,-0.0017764102266449766,-0.0005083664512994592,0.0011620029969780046,-0.02077712775437771,0.0003338289876488983,-0.012768388345667445,0.009738576846662262
425,-0.0016765782023175635,-0.0005968393544657043,0.0009110945490915918,-0.015061642858863671,-0.00473841155089037,0.009901650227629281,0.003296435089431361
426,-0.001573274411087715,-0.0006888086803773797,0.000678150643440092,-0.010419192493747089,-0.007661531734613044,0.011322781790615048,-0.007395969231605578
427,-0.001466687911856333,-0.0007847801943075555,0.0004559939471071129,-0.007122071933678089,-0.008000090898226184,-0.0036644297814023468,0.0035145860757005336
428,-0.0013524359937697739,-0.0008621382808929004,0.0002666141829571662,-0.0006813045715906899,-0.008250894625114524,-0.005977260082803368,8.127970352233562e-05
429,-0.0012313499224558657,-0.0009262053616068746,0.00011296317137989856,0.007768123606964138,-0.007406996996750186,-0.0016651117472781297,-0.002488845535418608
430,-0.0011091806963832145,-0.0009931781859286357,-0.00016837973003395578,0.012514846699248535,-0.005179470587310804,0.001402854951078795,0.005000131107336855
431,-0.0009857726870320027,-0.0010614337223248923,-0.0005867089937801421,0.013571354610349286,-0.0016451927088643702,0.0073536997163737156,-0.008669196394669995
432,-0.000858805611519023,-0.001126389102805835,-0.0010605298444937954,0.01289248914526846,0.00393965835435159,0.0015672563746854367,0.007137773876448303
433,-0.0007296046269937344,-0.0011914387710682311,-0.0016324970301134013,0.009030996189167232,0.011735231388906147,-0.017594977546751444,-0.0036244175665104505
434,-0.0005934884509211397,-0.0012403417617892615,-0.0022026575664095068,0.006489610432856657,0.013818662560541489,-0.012720163679020168,-0.001131082829454679
435,-0.0004500724681895275,-0.0012720010983780312,-0.0027625996284696996,0.005455756215087534,0.009671058610416481,0.015193611377259091,0.014407120203861753
436,-0.00030270072488126296,-0.0012969312384424258,-0.0033979684017142932,0.0024515777625925155,0.0032682384749524716,0.017920123501774948,-0.011446762483574017
437,-0.00015024482538753318,-0.0013111855389800996,-0.004086683708634604,-0.001576508126553187,-0.007493364644860409,0.00035387249526974956,-0.015214444034496472
438,2.2387577466718677e-06,-0.001350169970412774,-0.004521033970121398,-0.003949075789746907,-0.011380423733477738,-0.005575243405683204,0.01602072623108554
439,0.00015395201559569138,-0.0014181793410983656,-0.004680409616917922,-0.004818291089907236,-0.007344125120865541,-0.0073738600736873135,0.01276318992428744
440,0.0003081472352993063,-0.0014954364026279242,-0.004693913992803215,-0.004810752687880488,-0.0025720454633177126,-0.004509849350331452,-0.018709469017512807
441,0.00046333642405732095,-0.0015921130890292725,-0.004475680343629225,-0.003281997514584043,0.005850989053013183,0.007979281058740927,0.0023115552515246443
442,0.0006217479252656375,-0.0016899197091151189,-0.00422303934157302,-0.0027042238842174696,0.00846961592773607,0.00801005691932715,0.004671917287298209
443,0.0007836387780353457,-0.001787420454249399,-0.003942625726453052,-0.003147248398269134,0.004003638434670982,-0.004056252330936914,-0.003663828614435422
444,0.000946578446150605,-0.0019027871218298086,-0.003458582194747816,-0.0028371950277073506,-0.0006169627925296423,-0.006961795202475731,0.001707601709264186
445,0.001111020475941233,-0.00203240461838169,-0.002808039338069678,-0.0022956831075669776,-0.007929370042289578,-0.004283764333470618,0.0014866467009360131
446,0.0012819721517746915,-0.00214686038611953,-0.0021779368501449966,-0.00186950582784221,-0.010034996173604906,-0.00047459075275422093,-0.0026589320254642
447,0.001459537039466537,-0.00224610055996837,-0.0015596293332397434,-0.0013970775356709848,-0.00568126460560904,0.007951690017582213,0.0029391040376861616
448,0.0016415986099032553,-0.0023420339739865874,-0.0008846238889229423,-0.0010750141975877597,-0.0007189580760177738,0.004963396201025327,-0.002817603634903178
449,0.0018294246579586542,-0.0024274322590972573,-0.0001951282941554342,-0.0009527478400916707,0.0070647820966317195,-0.010515982930295736,-0.001110701013326821
450,0.002019473368918695,-0.0025243880127115924,0.0006703873299827827,-0.00035525880135479194,0.010079017221674568,-0.009202537844816776,-0.0011499457657495383
451,0.0022115138230591426,-0.0026343934354423186,0.0017241030800728787,0.0007109768662409753,0.00721956355030089,0.006963691659899404,0.01427918749552156
452,0.002408369117526476,-0.002740543040389446,0.00285362902240984,0.0018766834296251264,0.003969995633304943,0.011146034305673585,-0.013435582058784534
453,0.002609262142542614,-0.0028478174412821145,0.004097749004814974,0.0032873853471293607,-0.0017642602635660328,0.0076471946310543645,-0.004187204245173739
454,0.0027856757624991945,-0.0029191240153541467,0.004938357558460118,0.0039425969859124225,-0.0043541521213463765,0.0025893586456023072,0.007012254347600158
455,0.002935013376016728,-0.0029488080441339225,0.005313253472991678,0.003718367585816814,-0.0029262365630316907,-0.008566580429811923,0.0043603239395576905
456,0.0030700711419762543,-0.0029577905256922754,0.005495315128643759,0.0031951862594037494,-0.0019360662392095833,-0.01240110084277639,-0.009246449625034719
457,0.003182643742864897,-0.002934815711935283,0.00533348839460755,0.002087932771454699,0.0001398195621196752,-0.008205074141969056,0.009655318056337648
458,0.0032897533954102122,-0.002897099334444437,0.0051017924015067,0.0008743427971932194,0.0006381912672656952,-0.0015027418994898608,-0.007265566232511832
459,0.0033919453499070083,-0.0028456070577645297,0.004816026564341457,-0.00040176097275240817,-0.0010568544773765442,0.011100252836472663,0.0001592007527645065
460,0.003473219610332018,-0.0027613398278668643,0.004202581166248249,-0.002230408847337245,-0.0024259221863846634,0.012784001547455745,0.0018333412479115882
461,0.003536641541662431,-0.002647208094717296,0.0033122824567081008,-0.0045160450718312786,-0.0042385403198826116,0.0022348893436993007,0.004995617766506032
462,0.0036016510693656595,-0.002535959756453407,0.0025612182083023043,-0.005575065079947711,-0.004512213626745245,-0.0029924848945210624,-0.0035098177225287297
463,0.0036675307682110412,-0.002427336241329926,0.0019451196699167902,-0.00531522738103243,-0.002802816393281403,-0.006406201797277106,-0.011371385772258704
464,0.0037265447761005437,-0.0023068623810251856,0.0012919925846699406,-0.004475117156898425,-0.0006756979039251575,-0.006392002720860614,0.010476803723196074
465,0.00378308614112362,-0.002182228129570628,0.0007008473153734115,-0.0026011066694150275,0.0024824759484146143,8.326795574725704e-05,0.010102483350735818
466,0.0038208763436819943,-0.0020284222297977782,-0.0001511583359888686,-0.0007960485412337455,0.004391943175922388,0.002132435585523246,-0.013980068285031878
467,0.0038385405794688957,-0.0018431804831239636,-0.0012892673681929039,0.0008821539072171693,0.004748829960683899,0.0006565833402563572,-0.0009681713278267183
468,0.0038474759407700534,-0.0016448801311395313,-0.002474643460388011,0.003379711052444794,0.005181197112759152,0.0018840103075072777,0.0032568650730901965
469,0.0038437035742568963,-0.00142745361583128,-0.003783178510352133,0.0064722506639490075,0.005071517532844983,0.004052831690629142,0.007692771465112011
470,0.0038477053786933396,-0.0012096824275177147,-0.004661669484930557,0.00800354739359172,0.0037899007607956133,0.001295136574319854,-0.01166398982371953
471,0.0038624566416893464,-0.000995094234152566,-0.005030569386398879,0.007886662109534731,0.0013623913117102437,-0.006207974625540573,0.008232868969394225
472,0.003875190932640974,-0.0007701498031810593,-0.00520615712404408,0.0069956327363281555,-0.002448863813747227,-0.004295073382861945,-0.00759180433606805
473,0.0038918580557575832,-0.0005404609883516809,-0.005023806817167347,0.004755191023967705,-0.007858732015067918,0.0068664072907119915,0.010613269975509675
474,0.0039028984977790672,-0.00029890303517660446,-0.004748813395299987,0.002666253177332562,-0.008907079568653267,0.005962990614709249,-0.010389540737889742
475,0.003907274527336327,-4.4304537985661304e-05,-0.004399724020717329,0.0007965904921731267,-0.005168542734433574,-0.005310698292349503,0.0062380768566409305
476,0.003915001401583943,0.00021484785065296422,-0.00369438529342664,-0.0021047411756346165,0.00029759626724413905,-0.006089098637900776,-0.00520127951878174
477,0.003924108150802115,0.00048009070353863747,-0.002681237685536565,-0.005732953183386882,0.009082376787864749,0.0007508631016376645,0.007186101058716317
478,0.003915088865648262,0.0007728320252940601,-0.0018516933474013448,-0.007679740305971466,0.012027257875666874,0.0022040530077861364,-0.007231776818761851
479,0.003887575566755857,0.0010938231124042728,-0.0012056039725116315,-0.007871447964396216,0.008257677340756336,0.0012266826151791628,0.006171044638190322
480,0.003849650421618225,0.0014338370810713702,-0.000532362357634066,-0.007249192189276333,0.0035183086666816174,0.0010769953393438704,-0.0038839812523637097
481,0.0037963688041165178,0.0017984333517138973,4.9609120502648406e-05,-0.0051777188800841475,-0.004596271094346082,-6.948964966453221e-06,-0.00014462807845537582
482,0.003741644056676762,0.002173153316696279,0.0009093891535999391,-0.003389912246427943,-0.008893264977152288,-0.00011484962619151761,0.002073586684550749
483,0.003686340240747116,0.0025571236972628175,0.00207655910143184,-0.0019626507792118173,-0.008431696232963982,0.0009957212954647269,-0.0005862531335909881
484,0.00361938267829183,0.0029622858857687616,0.0032731906621192883,0.0005199236986020222,-0.008672858857030962,5.881805259573439e-06,0.001247698674455562
485,0.003543802754023264,0.0033855676580884196,0.0045857135160089595,0.00370244097187436,-0.007733598546301346,-0.002832481219710406,-0.006214573436307546
486,0.003479187332062436,0.0037193095465749074,0.005486822182656948,0.005515305769329603,-0.005632208007135425,-0.0012489140793907952,0.004569197022610372
487,0.003426212108388497,0.003953990012672753,0.005894870443304523,0.0059367573739502735,-0.0027864388935061805,0.00462509364289569,0.004873022631768582
488,0.003377784898952025,0.004137939910350918,0.006121369243739783,0.005713380847862857,0.0023683680559527143,0.0018457445672353853,-0.008114954970767242
489,0.0033391992373382165,0.004240338408060451,0.006007759774620052,0.0043122566406771055,0.009836497869613426,-0.00922235304261432,0.004579547031793659
490,0.0032964391034124153,0.004325942245294761,0.0057953510370205115,0.003314093051693221,0.012304532111294293,-0.007421873664706168,-0.005086747708679486
491,0.0032491209388237916,0.004396968984792391,0.0055022464361167076,0.002786245033248541,0.009442172338988454,0.005993054569667699,0.00783018515219627
492,0.0032089617122330345,0.004393017791967603,0.004863359231294253,0.0014830415013567786,0.004814226884516278,0.009328329112662083,-0.009554138409316954
493,0.0031732574221231564,0.004325898018904068,0.003922178887630419,-0.00026607507862861973,-0.003453691965609815,0.005592056252725784,0.015768667833282055
494,0.003131806078334775,0.004268726579766309,0.0031678778389546596,-0.0014841181102983369,-0.007299763564744626,-3.966953187696791e-06,-0.010842886694775348
495,0.0030852871182730584,0.004218910123252972,0.0026020243221110983,-0.0022292386967410673,-0.005977623579295657,-0.011355653740742837,-0.010129301036665858
496,0.003036959450434574,0.004147671942547128,0.0020117264281202113,-0.0027447811028476535,-0.004953651882844777,-0.008175084398335702,0.012204604589333786
497,0.0029845575801312483,0.0040716406751804225,0.001515293852222217,-0.0027995294586355135,-0.002187818128446438,0.01100554833103218,0.006948687486845219
498,0.0029374796298679414,0.003929737297315112,0.0007496947388788028,-0.003293377605514978,0.0003255522467977207,0.009769155503553784,-0.012583812416605262
499,0.002896347021331138,0.0037169607787139744,-0.0003146565645361993,-0.004258073234354538,0.002044403208577264,-0.009279263373682609,0.0030037079569768615
500,0.0028547686009410267,0.0034762935701376425,-0.0014027865510945815,-0.005054418972771539,0.0055987753464740225,-0.0077869231658327705,-0.0026730208796238533
501,0.0028149751081338534,0.0031929255388958746,-0.00259973911307511,-0.005876724182475174,0.010484193977883591,0.009523554159005417,0.011766631877381662
502,0.0027595725999203682,0.002944288597592761,-0.003500104950802242,-0.006056693549684874,0.010935192823660844,0.009168775907971535,-0.014647368126978788
503,0.002686277318304685,0.0027417428703848386,-0.004034824153023146,-0.005458374521937643,0.0067840163007432865,-0.004104404041426961,0.012944002221749833
504,0.0026049813553712235,0.002537311310646329,-0.004457268881908253,-0.004531856389940809,0.0004182557554065686,-0.008710441195184144,-0.009793206976980428
505,0.0025106199343362997,0.0023535912376929954,-0.004644231234631611,-0.0030672533591565598,-0.009653783631447971,-0.009337432171214044,0.004649770046597834
506,0.0024118373997788936,0.0021546373117383136,-0.00476790084297323,-0.0012825129149625545,-0.013999265545327393,-0.003934626165040861,-0.0037175154224166054
507,0.002309306925458994,0.001936691331395783,-0.0048436856947543525,0.0007995338890512008,-0.011835452137813703,0.01131347064738297,0.004284046991667097
508,0.0021941757150129326,0.0017377049392558635,-0.004673299524108865,0.0034822654568477172,-0.008968126437381901,0.011402057138385428,-0.007004988105580794
509,0.002068110263815023,0.0015503894761640176,-0.004287792271342975,0.006732356859079209,-0.002968951754681332,-0.003706480545479355,0.015774484219692027
510,0.0019459648999973925,0.001301402801839732,-0.004088549975609813,0.008514073718372102,0.000768907694665073,-0.007287526415466551,-0.012986764538924401
511,0.0018277647312589212,0.0009895202316346655,-0.0040796394898099195,0.008682987403728838,0.0014814029534902697,-0.0034559492465098913,-0.002625040793162077
512,0.0017073496938432866,0.0006453381515730063,-0.0040838928969031425,0.008190936975737195,0.003789063463304012,0.0014944803585340742,0.008186196182443688
513,0.0015883468382922544,0.00025038239796263014,-0.004199505087258084,0.00648048849400223,0.006329376258202285,0.012069906500625697,-0.0035418699398435177
514,0.00145962937098283,-0.00014275158593401942,-0.004135103078768133,0.0048181855905688456,0.007324522559582034,0.008021841500198648,0.001679997523769672
515,0.0013203924277857648,-0.0005306533434406369,-0.0038671489638112877,0.003277043752596227,0.007076422808613282,-0.012120087819078435,-0.003981710979034906
516,0.0011791118303419172,-0.0009549021975514159,-0.0036196717626343832,0.0007361793875424236,0.005368541460773319,-0.011844947881264946,0.0024377362141495816
517,0.0010332441263744712,-0.0014039172822197978,-0.0033250249221149913,-0.002548216908398748,0.0017890129068383776,0.0062895985935342655,0.003624039236864385
518,0.0009069027087246545,-0.0017619167434927846,-0.0030374589031624353,-0.004475306472961743,-0.00035848483822642,0.008452692250442935,-0.004980760783815419
519,0.0008034614297379032,-0.0020218939415535416,-0.0027857868661300337,-0.004994045946183899,-0.0010157006582434407,-0.00011437119084706126,0.0016392919010198926
520,0.0007097893946588292,-0.0022299622554646805,-0.002494581542736759,-0.00493800875702067,-0.002170346934092394,-0.005399161332349115,0.0009498273139583074
521,0.0006331117251510336,-0.002353835295315864,-0.002184630466735679,-0.0037623194849870033,-0.0030852856755738825,-0.012585248061864944,-0.000887462855594049
522,0.0005615818176197641,-0.002470098567535038,-0.0018747438358756722,-0.0029874129526098227,-0.0038584028478367708,-0.008119693385085822,0.0034820023056612226
523,0.0004945698987008487,-0.0025808444929454745,-0.0015588639284975598,-0.0026906949598405603,-0.004634701649901127,0.010611051842290387,-0.011930285368165691
524,0.00044463755732781715,-0.0026186311141033853,-0.0012466933864115,-0.001647776569485324,-0.004796185719802368,0.016534557003299973,0.011608217638042538
525,0.00040972519081031606,-0.0025977249955690083,-0.0009420129162658891,-0.00017855230745030893,-0.004355515520257564,0.011921155157776189,0.0010341007061014898
526,0.0003693477646749059,-0.0025863899773227116,-0.0005165662111201892,0.0007254270223837638,-0.0032320042177290515,0.0032168288348021494,-0.0025667182707073822
527,0.00032371957812746515,-0.0025809521539598805,3.8246859948736555e-05,0.0011198219194784246,-0.001257743955940751,-0.01510004883015033,-0.010252242058156684
528,0.00028171313190608296,-0.0025566927393316924,0.000657938262422804,0.001260803769107785,0.001574790070234046,-0.01789182631981205,0.009592238156258443
529,0.00023851829048748607,-0.002528792385227195,0.0013766072633748729,0.0009134070594045658,0.005384205058819967,-0.003806162406006443,0.0044925874017648915
530,0.00020994345044487834,-0.0024369871542946997,0.0021186747878751055,0.0009747401278410403,0.006977242874752568,0.0035456295715798926,-0.01003226634533934
531,0.00019737309781004474,-0.002276623576896978,0.002878100835959624,0.001477611864100606,0.006102698566958488,0.009307521158847682,0.00902922621368408
532,0.00018921991123387912,-0.002089020055552049,0.003721641804911226,0.0017811872959583052,0.004420766289674884,0.008965662561657888,-0.005242471847549827
533,0.0001892975190346089,-0.001859555616062269,0.00463307506340032,0.002079257987649254,0.0010680570383927092,-0.0015771115215480512,-0.0011122893044944783
534,0.0001842418568306577,-0.0016822606884313229,0.00526752375008109,0.0021770320242426844,-0.0009005665700149018,-0.005105765563743429,0.004379307945435676
535,0.00017166309432935337,-0.0015698606207043644,0.0055986999216291345,0.0019865890276251404,-0.0012085623218627537,-0.0032156532812550476,-0.006630030976258845
536,0.00016078749700129742,-0.001466667170653741,0.005777547612582979,0.0017360801080874492,-0.0020820053654246116,-0.0008629845281464316,0.005324936252777482
537,0.0001476253998019402,-0.0013999310583893245,0.005707045435358511,0.0013530747441307229,-0.0027744155535833715,0.0051766084075763955,0.0017540884231227322
538,0.00013750607956502394,-0.001323798259342381,0.00560190858099834,0.0007843380506605415,-0.003012983007246589,0.0037529676570635857,-0.001958034176025
539,0.00013118285641560253,-0.0012340426389360355,0.0054700695985882295,4.308672361111829e-05,-0.0029561019761823893,-0.005907416048459423,-0.005732251940471847
540,0.00012246487267360154,-0.0011777251296763288,0.005116833230460975,-0.0009127739249915274,-0.002141065048289069,-0.004622536845490281,0.006485044029798943
541,0.0001124571293710459,-0.0011456601653216517,0.004582498569389896,-0.0020983155763686424,-0.0004996569650060128,0.006158956528511964,-0.0016577544843194478
542,0.00011565893896863213,-0.0010536987762530471,0.004088976685682242,-0.0027814179677988944,0.0005003573237626216,0.005439130382801162,-0.0020623605895639958
543,0.00013248961540632742,-0.0009009578217067264,0.003627800156040866,-0.0029065282511353315,0.0008694162208301893,-0.004420088568044066,0.006973607456323428
544,0.00015670356750769013,-0.000722113607229649,0.0031153405543145048,-0.0028364648227836987,0.00140669746727197,-0.005157096143019127,-0.006237061205148056
545,0.00019201837689333714,-0.0004961855971377068,0.002602312695986033,-0.0023720506921221037,0.0017914992487441151,0.0004933842442273474,-0.0014506327136442232
546,0.0002284530872338446,-0.0002847120602099837,0.0019013142974482204,-0.0019494543218909945,0.0017581857523664773,0.0018095354801476319,0.0027428643905376884
547,0.0002653665329421019,-9.175557390194819e-05,0.0009981131294525525,-0.00159927452033264,0.0013213455521797401,0.0013633704171806759,0.002332684211227505
548,0.0003108638411844364,0.0001306640325837852,2.4799315454175223e-05,-0.0009311161504297204,0.0003536499165504378,0.0007968637678352529,-0.004210842923581387
549,0.0003627826078040632,0.00036885754128049693,-0.0010634255978396033,-3.553255487390246e-05,-0.0012390126468945478,-0.0013898614251070672,0.003411812031804346
550,0.00039910082555500847,0.0005557680248984017,-0.0018558447288956198,0.0005254200379708069,-0.0018233851662758063,-0.001363055049977635,-0.002310558215632156
551,0.0004185643488827065,0.0006899686573057445,-0.00229930471889408,0.000750432990786617,-0.001320103574066638,0.0009957405358934112,0.0007647017600922384
