#,0,1,2,3,4,5,6
0,0.0025630216704405685,0.0007856707991615098,-0.002021425630594773,-0.0055314728275764865,0.0013824499080894366,-0.004699829915166687,-0.004055967346796495
1,0.0026545339026225983,0.0011315529793120183,-0.0017095395925915647,-0.004494872373264015,0.0003921821873101037,-0.007509118315761995,-0.005127758097701444
2,0.002749053061656604,0.0014790672779395738,-0.001238958447156419,-0.00352137594102411,-0.0014301265671064565,-0.0024964686248126183,0.004458809240503427
3,0.0028467850972340126,0.0018261242975143091,-0.0005945943215047222,-0.0026560452420075925,-0.004186973107525898,0.011933095213203907,0.005494627373160286
4,0.0029455928602797614,0.002198679183407331,8.3054451202749e-05,-0.0011523742270733077,-0.007686172283140487,0.008864689891775815,-0.008168923836576013
5,0.0030461184654817044,0.0025895364689787494,0.0008389898513785206,0.0008151012454145614,-0.012104548234647385,-0.011510333351222668,0.008999095462543795
6,0.003154884106437304,0.0028848112328504105,0.001379941754683658,0.0020361000455715876,-0.011821888834017148,-0.00983993938356207,-0.0011175701204343648
7,0.0032723368416229734,0.0030758677356419375,0.001662640726976078,0.002494000444747608,-0.006311307612119493,0.010552976580535117,-0.016237939304074172
8,0.0033958987105957433,0.0032109858709515626,0.0018585631678423148,0.0026518856102972256,0.0016065265806015799,0.008787029970568903,0.01799680846465472
9,0.0035274198804821637,0.003257907387228435,0.0018804201905042767,0.002200143987532209,0.013511437639086124,-0.0101846044729845,-0.014192724611848704
10,0.0036626798923422286,0.0032882868304903935,0.0018662055623074616,0.0020437053256611277,0.017528942915440597,-0.009209411044390697,-0.002110293710247551
11,0.0038015963792612166,0.0033042583973889508,0.0018264885606807011,0.002228372965031125,0.012570185045881352,0.006732025761059484,0.04031490422025579
12,0.003947973021798656,0.0032407167181755553,0.0016132396340458274,0.002040093557398062,0.005688958094757609,0.007964314146199606,-0.043063467901244004
13,0.004101054637344204,0.003110809691007985,0.0012519743320285233,0.0016712953767365534,-0.0062706077654369075,-0.0007497952358200653,0.010183337268771258
14,0.004256979875211855,0.002987052417842058,0.0010091641248143456,0.0013064743424340086,-0.01150895091035918,-0.0032512017233779947,0.002554977685010786
15,0.004415984614345916,0.0028662284543157263,0.0008857187224547496,0.0008760159602386975,-0.008681259117459669,-0.0037203128958877216,-0.0006238010371929091
16,0.004579531297978287,0.0027206924029078323,0.0007673715018070767,0.000421385434030687,-0.00611388780736983,-0.0013010363822379258,-0.005071396879736022
17,0.004746786230642854,0.0025667266012106955,0.0007188613706757376,-3.220634023856962e-05,-0.0007295055400092195,0.006466041624969373,0.020387341888876295
18,0.00492120191276545,0.002342137382399884,0.0005421918303356226,-0.0007793666314814334,0.0027727697791673344,0.004798045022722929,-0.017180960061834703
19,0.005103079641428475,0.0020419004143771777,0.00022186869684480878,-0.001827602719504683,0.0033887129921872194,-0.006375928480310262,3.1950220902183905e-05
20,0.005290104592193836,0.00170916671046579,-9.162620679525608e-05,-0.003017657284107624,0.005905534477271409,-0.005198752353857685,0.005672896702285964
21,0.005483141225561643,0.0013288013489294748,-0.0004442470453366525,-0.004418966379832483,0.009065594796152453,0.006501978028557797,-0.021355078281197898
22,0.005676950629146332,0.0009880950034275495,-0.0007346342670180422,-0.005015431003948543,0.00873364827650481,0.007038764362987019,-0.0001580910498886279
23,0.0058708505906771395,0.0006992835867347007,-0.0009370311111366943,-0.004697700409561659,0.005064519855431821,-0.0007302491395257362,0.07932179607596053
24,0.00606800668374576,0.00040943106071490275,-0.0011329745297221137,-0.003998910176394032,-0.0009583681692968472,-0.005954214332174967,-0.08154969385264707
25,0.006266924674278716,0.00014387656275367106,-0.0012898259899876867,-0.0026295094685018588,-0.010364250466100873,-0.012058662364682553,0.0033600034629784753
26,0.006470205222497118,-0.00013906582045052947,-0.0014321401160021213,-0.0011399004045237594,-0.013422507232451902,-0.005574581084993766,0.025468257686739812
27,0.006678121114123313,-0.00044353330509335615,-0.001565535018861739,0.00043376379051627265,-0.009435354330875213,0.01610841411655117,-0.007966347949692745
28,0.006888070138732735,-0.0007262976484649698,-0.001647956439719433,0.0026244496917580316,-0.0039573616980199695,0.013012209576338415,-0.0023477067985719895
29,0.007100601388214431,-0.000995806004613561,-0.001683671842787148,0.0053251989493122,0.005522084780165818,-0.013865758621563326,0.0035848928623105607
30,0.007320486578672658,-0.0013324952825149758,-0.001804592976477409,0.006817974001687899,0.009416493617296493,-0.013568624586563797,-0.008093796584305325
31,0.0075478120506257155,-0.001737517275797792,-0.002015183901368412,0.00701289237062744,0.006643732517314386,0.008614352865707085,0.017789903893336283
32,0.007780659153994462,-0.0021776103130921394,-0.0022537996593396453,0.006659094220335848,0.0038975022682983867,0.011423253512890964,-0.017020446044070804
33,0.008020244490225426,-0.002672977688053404,-0.002553869650847956,0.005295192592684346,-0.0013261597170683048,0.0019457741158309346,0.008866940678736095
34,0.008263142759716955,-0.0031654649313715747,-0.0028272101129583676,0.004061902181957229,-0.003997105911368814,-0.0011755292894624933,1.0315394493568453e-06
35,0.008509160597811365,-0.0036513239743464184,-0.0030667094720903624,0.0030196698412755284,-0.0031962873378149547,-0.0038058318432636373,-0.011827598990902197
36,0.00876103283869063,-0.004176316050641334,-0.0033438781378859646,0.0011976645780419973,-0.00339206239041027,-0.00519510710510727,0.013182692924692051
37,0.009018025061450297,-0.004727617117735291,-0.0036388022662260425,-0.001170552652764582,-0.003223243737469922,-0.0030515956017976324,-0.006139962470025261
38,0.009276322530646147,-0.005109602818010751,-0.003834063255820311,-0.0024474444523657182,-0.002509428008989639,0.0004640391974194239,-0.0005847905771048537
39,0.009535872595517948,-0.005307497659928024,-0.003925965886906735,-0.002601015254420807,-0.001667866218455723,0.0063772233694693635,0.007056775393123395
40,0.00979796877276286,-0.005403840198602358,-0.003955398611826931,-0.0022553725547498115,0.0003134288044441834,0.003906287201245352,-0.008309765128663564
41,0.01006160946264143,-0.005343190702575204,-0.0038905830324683826,-0.000986049928189378,0.0034139107596072526,-0.007974861938024993,0.008267365435106627
42,0.010329690902539988,-0.005248818730378908,-0.003815687943974951,-1.8649924590239674e-06,0.004545530796851691,-0.006716620136780194,-0.0014562971906794124
43,0.010602300675156202,-0.005124285317424126,-0.0037325615543555195,0.0006411067645109478,0.0036436203046576704,0.006437235273898147,-0.014837085501761455
44,0.010877114887479864,-0.004857592792338421,-0.0035706818311013167,0.0019101712966327984,0.002192229544081963,0.007902111085379634,0.019369113716989718
45,0.01115471129184582,-0.004471299945170112,-0.00334601128502259,0.0035530806928291145,-0.000560638515790281,0.000824315487674473,-0.010600456369953902
46,0.011436916643504706,-0.004089443807661523,-0.0031147291213789964,0.003916293989183069,-0.002016486763664411,-0.0010717902048673132,0.008653739935671749
47,0.011723600113980735,-0.0037063798099597313,-0.0028720088793854136,0.0029547220412645576,-0.0019230859934218983,-0.0012573388304578034,-0.01633515772569698
48,0.012014256678257647,-0.003274793674149571,-0.0026002356779058333,0.0012789686464605608,-0.0021560778096672835,-0.0037206276289161763,0.015533483218498824
49,0.012309299149170644,-0.0028224552843244687,-0.0023113494723215,-0.0015496426452072532,-0.0020697718597855403,-0.0068542343741920765,-0.0034968886461685484
50,0.012607003780458356,-0.0022426805442817303,-0.0019513243623625505,-0.004321025073610189,-0.0011237692938009644,-0.0031519471591170013,0.0024538911872531923
51,0.012907280788586495,-0.0015267839366849465,-0.0015162419930379403,-0.006991470234444971,0.0005908559401548374,0.0077962966305698995,-0.01239436726575535
52,0.0132113111651544,-0.0007485934740896111,-0.0010415922953089186,-0.010549421301604604,0.0033414840394115617,0.007920758246284717,0.014743371383899152
53,0.013518700337635444,0.00011791784285975057,-0.0005141757876060967,-0.01475215677434793,0.007285105297489447,-0.0022234338500788124,-0.013426487790947584
54,0.013833115426947474,0.0009221575149966464,0.00010222746537935785,-0.016467610426263574,0.007954865037204092,-0.004260510635534549,0.007910286342266346
55,0.014155036273718101,0.0016431422836025297,0.0008090906983006632,-0.015510442390594374,0.005051393698116462,-0.0010363719902677564,0.005877273002719665
56,0.014482448030010652,0.0023721910357551224,0.001600283207490878,-0.01319846144125286,0.0008620189707776298,0.0017314206058845047,-0.005666493427722702
57,0.01481642831390007,0.003065656508623051,0.0024867895817634726,-0.00867115894959084,-0.005795344288435516,0.0070155050903645275,-0.009651678470003467
58,0.015155145397368706,0.003795694638713286,0.0034413303882610954,-0.0040063888469873505,-0.00934359978128848,0.004676741208558257,0.015206500138366785
59,0.01549848177254513,0.004569510286574869,0.004465709250794947,0.0007113187456743084,-0.009254507917940519,-0.006369148183970965,-0.010677888087877525
60,0.015848328999265873,0.005312514189733303,0.005584615087178404,0.007283863696174923,-0.00921734623493857,-0.011198480450779843,0.01040854755225346
61,0.016204350099544643,0.0060393868844629125,0.006794464819079415,0.015304764160485006,-0.007799272535898577,-0.011603212151872292,-0.010595973019400667
62,0.016563525689145285,0.006888807880874427,0.008083399259009803,0.019675405612009738,-0.005274824399632002,-0.006924522995024383,0.010601557926089304
63,0.016925878411215744,0.0078628160357291,0.009455168196553496,0.02014111884234169,-0.0018664751168597905,0.006023118226301477,-0.022416023267171535
64,0.017292678950824848,0.008904203977938568,0.010915032839724687,0.018858754084114446,0.0037684565495089625,0.019023318734732442,0.009648512207209095
65,0.017663207866423444,0.01004785365456724,0.012462179244953474,0.014455012886902277,0.011630129372136973,0.03314969053629683,0.035511244338090636
66,0.018039780514324737,0.0111935794337739,0.014113614660496942,0.010382688093098998,0.015235172587777297,0.015961432687608013,-0.0403770980649027
67,0.018422582664274673,0.012334997035349751,0.01587227494706675,0.0068077329009980335,0.014283038180140177,-0.037428416228610595,0.00961508109263617
68,0.018809894491063257,0.013551052534137315,0.017730722260427555,0.0008057962943389765,0.011951188220233602,-0.04048179637651643,0.010710744740949919
69,0.019202261829332917,0.014819709716802293,0.01969460252625457,-0.006923331481308801,0.006575166508622475,0.0038636917712447367,-0.0271448084876231
70,0.01952097989656738,0.015778578540998716,0.020821857891077683,-0.011434914927342742,0.003535859551593131,0.01558100089129388,0.02728046745695553
71,0.019757784529593855,0.01639965896571509,0.021016787981290024,-0.012634206727531678,0.003316036712542369,0.008826917369917548,-0.007332747439390174
72,0.019949878033480445,0.016837099554310057,0.02072565348300479,-0.012414101757698592,0.0018929164702398207,0.005202825976875915,0.0022854299967456273
73,0.020074306258603337,0.01698804830441456,0.01967559827898752,-0.00949504806087851,0.0005618076329386695,-0.007595286878224655,-0.015594409520912575
74,0.020175730345436668,0.017079509929256914,0.01840697857179392,-0.007537417899704012,-0.005119319062481807,-0.008861277344991732,0.013832680963433016
75,0.02025571967627313,0.017118177432970942,0.016940674150909846,-0.006715252446294337,-0.015976060867606612,0.0032342718695211417,0.002407851589633729
76,0.0202709077114577,0.016897093711089023,0.014757801487810442,-0.004106884955735528,-0.028929973095809445,0.01227849942705717,-0.009085269120676157
77,0.020229207810957793,0.016457770668497403,0.011956005291353336,-0.00047958205570925176,-0.04532250291221194,0.022872344738187056,0.010339029609783312
78,0.0201877245323189,0.01603220222799367,0.00921744849241679,0.001955040516532873,-0.0444915825816036,0.01625956427521657,-0.005360935219341827
79,0.02014474664973948,0.015610151161853162,0.006523328608572755,0.003343949899244257,-0.024249255352514563,-0.011389901003367725,-0.01131016017159012
80,0.02007681022263564,0.015102705861680906,0.0035971792646083975,0.004223756139112147,0.004495511469323384,-0.03452322982229834,0.014964483167344217
81,0.01999691939270977,0.01456191436285104,0.0005958186673234462,0.004077340252127124,0.04760657355404929,-0.0577485399311231,0.0031025037713476042
82,0.01985829256213951,0.013789029768441938,-0.0030370660757919514,0.004961988432416664,0.06436675793445015,-0.028313543401679544,0.002274071036169299
83,0.019656865246128225,0.012767847922895996,-0.007347777308562948,0.006951936156357773,0.05096744822888055,0.06358086909576909,-0.037391247352780634
84,0.019425715592541234,0.011636209014004906,-0.011939829174667932,0.008598821687869825,0.03200271540693784,0.07280801335709701,0.04189115919167394
85,0.01915339521386133,0.010345658289763759,-0.01694778164184165,0.01034966756515045,-0.0033291313593900285,0.004616002282708306,-0.015768541573068565
86,0.01889314982497276,0.009173185794111137,-0.02064064388385188,0.01091207804826287,-0.021514550518910054,-0.020216027170258354,0.0038329958802984982
87,0.018653029935233194,0.008157618414097779,-0.022807808710425575,0.01000478498635439,-0.01853527328353384,-0.02655437084250129,-0.004630702909837952
88,0.01839898043258789,0.007130570648735082,-0.02436474530080084,0.00855204174855264,-0.019629613327956385,-0.02717839187394274,0.004484636105960069
89,0.018146508777026667,0.006172386581102918,-0.024805807330794544,0.006146308398024295,-0.016192076541504234,-0.0034371596265857303,-0.0045079080183058695
90,0.017871417810783878,0.005150810995257993,-0.02504334977311083,0.0031592641372132774,-0.012741589125686405,0.009115600921519017,0.002487845034023064
91,0.017570871147574853,0.004052567808016103,-0.02513021260037988,-0.0003567346913970034,-0.011735742168201772,0.012726060637395262,0.0028731898669924435
92,0.01727058212849101,0.0030146901592546034,-0.024152632910440664,-0.004962854017020694,-0.004043592470870349,0.013643023526753015,-0.004635200612632803
93,0.016965500126214225,0.002010278394884852,-0.022279562704538132,-0.010601398285780052,0.00900030710247352,0.004667507544568752,-8.547318143451192e-05
94,0.016603279077574355,0.0007834026919187063,-0.020917035744625882,-0.013749545053240508,0.013653802991808907,-0.0007863431016401834,-0.0010918648673776095
95,0.016182738557309798,-0.0006697625885198124,-0.02005204108516572,-0.014166910061721718,0.01019158534322851,-0.003586022645118082,0.012100412479987036
96,0.01572566698405932,-0.0022435057939144123,-0.019101604326859197,-0.013503290511096252,0.004337959795216077,-0.010215929891920073,-0.010357349225008004
97,0.015218706112197647,-0.004002213713236285,-0.01840079379402135,-0.010799768295713058,-0.007080496620677554,-0.018403602396699224,-0.005473369178048549
98,0.0146987677544623,-0.00576115992575925,-0.016861681095103605,-0.008255648880687218,-0.010130080766357595,-0.007676322533166871,0.010035025222273354
99,0.014168095132240216,-0.007508551147865701,-0.014399124579013748,-0.006002506273687059,-0.0035668323991064482,0.02350895183471712,-0.005476705230141401
100,0.013597043937529528,-0.009390011296622446,-0.011819365446387042,-0.0021057998912763854,0.0033335102730181533,0.02062538514764626,0.002252977981943789
101,0.012993590194222632,-0.01136490610499645,-0.008866825329342194,0.002985241744117512,0.01409135981225812,-0.015207552077529565,0.004301665934958025
102,0.012417398761777956,-0.012989480480987081,-0.006426228717462938,0.00587392841526054,0.01684705326561247,-0.017657696055626865,-0.0016313127773640655
103,0.01187094100279564,-0.014235222293574353,-0.004665300800666001,0.006491465597819466,0.00984085911263641,0.00550445720111933,-0.014807199820130483
104,0.011331680280965546,-0.015281456898013215,-0.0029764139320642416,0.006160316841342265,0.0015598697900205331,0.011472425489854117,0.014871807753378822
105,0.010815823304920749,-0.016003934149339143,-0.001629300191880104,0.004003133616317887,-0.011293446972212288,0.01008158888538401,0.0033304833048419047
106,0.010281600422297853,-0.016692824940212802,-0.00029097131107390454,0.0025058987589678342,-0.01689993961745538,0.004446569315431714,-0.008721672369973196
107,0.009727742291468632,-0.017356164458709807,0.0010818778280113485,0.0017922152115465615,-0.013622056890405018,-0.01187733919995698,0.0012871815325041854
108,0.009189547597033863,-0.017736513993582458,0.002080047248467685,-0.00012734539188867733,-0.009880947341673081,-0.014260949862520635,0.0005268908298841475
109,0.008658945026052179,-0.017887703463289415,0.002767189631981545,-0.0027295176647435682,-0.0024430949029812946,-0.0025179590223971373,0.0015781511447889754
110,0.008103317209812926,-0.018076567198565305,0.004097748560554727,-0.004322485962057429,0.0019879233416656007,0.0030964930528558825,-0.003744565108280261
111,0.007524554660111435,-0.018289369280429395,0.006093384657234625,-0.004986490982911347,0.0022774917493549726,0.007221598311864846,0.009016966988788748
112,0.006933419201268277,-0.01842812094199803,0.008331201824190042,-0.005171918992574073,0.004369172348904744,0.006936270468960827,-0.006811749724750623
113,0.006322568652500205,-0.01855228804134705,0.011050898674792363,-0.004471869965408941,0.00649444647881815,-0.0010920438271376973,-0.004381349870958846
114,0.005721356386351201,-0.018427974349780843,0.013586227830431742,-0.004389857049906209,0.006661277691794949,-0.0031894509594178615,0.006590766113289555
115,0.0051317244904777685,-0.018036879147464345,0.015887593950241936,-0.004978701052600692,0.005272354282782457,-0.00045579097792512887,-0.0009012834935338513
116,0.004533446305992137,-0.017539800587594526,0.01848436343455491,-0.00514996476654181,0.0018648761738214194,-0.001099637561646809,-0.0026282027166691577
117,0.003933450300432155,-0.016879924833320768,0.021226725802978127,-0.005225111166708691,-0.004019714181836493,-0.0029077376674754452,0.005790593554199704
118,0.0032804153284651852,-0.016414193266936418,0.022913746584021066,-0.005505707869893611,-0.006460132446332239,-0.0009483619909242516,-0.004947395854336676
119,0.0025674213580752494,-0.016191243496189018,0.023482700470391547,-0.005903003477081116,-0.005219823198382699,0.004193380586726957,-0.0009993023256678057
120,0.0018238784079454104,-0.01599862172175618,0.02338915825349615,-0.006499607973119073,-0.003578953646359132,0.0036725227367611435,0.0021925960891578467
121,0.0010347780183537522,-0.015939792044343294,0.022300202035469903,-0.0073528547229322165,-9.902023902289764e-05,-0.002268747003407689,0.0019416304585592986
122,0.0002252652679043024,-0.015841370782863726,0.021029476156386503,-0.008004880687271315,0.003323545536843272,-0.002524578398048114,-0.002824625741753938
123,-0.0006026933301788836,-0.01568711430950111,0.01959586567846211,-0.00846036542939874,0.006403989566403231,0.001676287459059059,-0.00023003116393657558
124,-0.001475126186861458,-0.015655285228957993,0.017291742013335616,-0.00899369717390446,0.011252458968472729,0.000324545225198181,0.0007109235098721039
125,-0.0023872221536916194,-0.015711052513913887,0.01426814321974418,-0.00950988697578265,0.017457525432797247,-0.005181922875323027,0.0018306994285704628
126,-0.0032946698713486816,-0.015532959307088711,0.011185660458495183,-0.00725454062035015,0.01716030014287185,-0.004235356005473104,-0.00148134442378461
127,-0.004197380986796362,-0.015117349715555188,0.00800064363568924,-0.0019672146504395222,0.00989649922832475,0.0021868877887616872,-0.0007255327096869116
128,-0.005113868307260861,-0.014596754160153564,0.004480711846304613,0.005133584283787854,-0.0008866459209188127,0.006176120874451441,0.002879697193206114
129,-0.0060333259105493356,-0.01389088255448641,0.0007694498067887755,0.01484859854966641,-0.017324297417514446,0.009403147894521536,-0.006464823380579096
130,-0.006988884448578911,-0.013234215987106605,-0.0037349286498571865,0.025525337334095025,-0.026478159005743747,0.003960726089739321,0.005501213726404481
131,-0.007982984271668008,-0.012642135675651735,-0.009079720633726755,0.03712029950224961,-0.02728782306846076,-0.012277341277166547,0.00010478140945479448
132,-0.0089904025550589,-0.011931427483420064,-0.014860727371511773,0.05119640400547187,-0.02783780496778234,-0.010849677238814272,-0.002615075366891359
133,-0.010018738762889282,-0.01115413912276177,-0.021225656978557727,0.06746263577142253,-0.024821449809108283,0.007817663804547284,0.0024594538971678776
134,-0.010916065851267105,-0.010460037712614804,-0.025544319586508383,0.07379797928464074,-0.019978095140956848,0.007545614731154865,-0.001965712440230773
135,-0.011664111284343956,-0.009843496367775885,-0.027518931403976866,0.06922559060073896,-0.013821710367123353,-0.00774047050905979,0.0009496498962516097
136,-0.01233946508905082,-0.009271005742053025,-0.028499342254123847,0.05929036192509782,-0.002706219864208309,-0.010476898046397608,-0.0005570243209302297
137,-0.012897287631326857,-0.008780346608478767,-0.027723065343913028,0.040589725579251335,0.013114351401995496,-0.005764082023804812,0.0002135624983030126
138,-0.01341874201646964,-0.008240974656851065,-0.026620597844446658,0.020572336387835354,0.028081962170665057,-0.0036450606657080628,0.0011890438095711355
139,-0.013907269958129269,-0.007651334289726916,-0.0252695641952696,-0.00042398824839513186,0.04247957618745585,-0.0001438407781811087,0.003665117677891748
140,-0.014281151325556981,-0.007109761160859659,-0.022265885648512965,-0.029164175304957664,0.059031283201784815,0.021300707577388795,-0.0016849500899256925
141,-0.014554660199700744,-0.006590579401411455,-0.01787582685774355,-0.06421729740984311,0.07660683703656382,0.061606829832494304,-0.027946123758458643
142,-0.014846309928287565,-0.006051886984170373,-0.014151397087160806,-0.08474378655109469,0.06991094739661044,0.04322032175143599,0.016502289204178372
143,-0.015153656827572446,-0.005502261822021438,-0.011065068276784388,-0.08966610508736574,0.03647308069848742,-0.03648568830022198,0.06301654587963401
144,-0.0154267514283906,-0.004945530830065836,-0.007778675722450195,-0.08797993024042362,-0.012736999507156292,-0.08077009056881074,-0.06032428212757379
145,-0.015692986150293232,-0.004374035708395622,-0.004778565651113605,-0.07408041706825988,-0.08515246184069704,-0.10290334475400292,-0.048471115093476194
146,-0.01585796587418747,-0.0038412488019297477,-0.00045606784091904923,-0.06193519109890043,-0.11379465502059169,-0.03929138012274449,0.06826648517825423
147,-0.015913462174428603,-0.0033497752531281835,0.005313590064589308,-0.05226117146155303,-0.09304279150851251,0.13608087650357106,0.02970565487108485
148,-0.015927356950867496,-0.0028680306798961764,0.01134683570643035,-0.03320123753565353,-0.06159909610713713,0.13145341221364132,-0.035737447688140314
149,-0.015876704444401014,-0.00240890915330193,0.018022242783018685,-0.0076071849996603045,-0.0017801711074710504,-0.051125143460791014,-0.08297341162510802
150,-0.015856316266407766,-0.0018022379149298688,0.02262142702700762,0.008912563146762495,0.030144740130304246,-0.07345530346396942,0.0841280418715901
151,-0.015881543140558008,-0.0010291077252031107,0.024753963003092717,0.01642067125362676,0.027862656246167735,0.019732028885390166,0.05486866678506794
152,-0.015889901853003433,-0.0001798108824154524,0.02597919257104469,0.020491902276977777,0.033451841069989094,0.01301682026747519,-0.0850185720139728
153,-0.01590927741000599,0.0007943236517562546,0.025489216225690142,0.017222794003563063,0.03265963853320431,-0.046247123324079396,-0.009474416514737013
154,-0.015898625585592414,0.0018017808217709527,0.02458654380349345,0.018878838988658136,0.030883014558570256,-0.02749081030664049,0.02695849242136209
155,-0.015852790257389608,0.0028364211237932573,0.02336427576488744,0.02606418548778947,0.03207118931387794,0.047199192768686865,0.04611155493818124
156,-0.015816843976046026,0.003987366678891305,0.02043848010562744,0.029389858512712055,0.022179854782603047,0.0433182709438084,-0.052602611956710295
157,-0.015782245563668116,0.005236836750924782,0.01604830212858233,0.031497801411027385,0.002875276009685089,-0.02674140977049608,-0.011069155756778606
158,-0.015652073194591765,0.0064524020553819485,0.012611300967621164,0.0324969743199517,-0.006521660681549832,-0.032296066681056286,0.030716950945565365
159,-0.015423895526139764,0.00763502782927233,0.010128475897422657,0.03129735292455203,-0.006832972346044441,0.008397240452357839,-0.01271350912714539
160,-0.015138640655051827,0.008837704945097523,0.007565604384504037,0.02965484659272437,-0.006423394971522818,0.01719037864662304,0.0005733103475083902
161,-0.014771532409747226,0.010028442829414293,0.005506497522927778,0.02728063549594453,-0.0011220407981772512,0.012884451441972521,0.016864205854622873
162,-0.01439026223414442,0.011309385412563917,0.002138854915937068,0.0216824849026511,-0.0028505262735304127,0.004892798545189503,-0.012175682372944927
163,-0.013999045166761044,0.012687722059066538,-0.0026811964426867907,0.012881946683004453,-0.012843256974235214,-0.01787153876676081,-0.026818264679413548
164,-0.01354328595254722,0.0140868572896895,-0.007585980087320086,0.0017574509515298307,-0.022100696551138437,-0.01747569199433806,0.026227266799231548
165,-0.013037632677306595,0.015530211201457499,-0.012998696151161771,-0.012301236789307047,-0.033555490571344264,0.007169077878120032,0.01799098103796458
166,-0.012608113374472225,0.016702980789914012,-0.016784679672078393,-0.021062462891082382,-0.030935050314668026,0.01009199109009237,-0.025501277298236178
167,-0.012260921652327918,0.017564947813524516,-0.01858823432168993,-0.023779370016244625,-0.011767292490146436,-0.0026787498713497708,0.0063568414648049725
168,-0.011946974983556777,0.018280543034482923,-0.019724471500637872,-0.024867835905421513,0.014031223752333311,-0.004573342444558761,0.013285216167189058
169,-0.011700807998655714,0.01875645473251787,-0.01954608337153155,-0.022073589976483662,0.05128307325559936,-0.0022743797390588553,-0.05006798651340485
170,-0.011436291782071737,0.019155331384116178,-0.018975137037613787,-0.020006306846689335,0.05883133413248166,-0.002925959041717191,0.0468159931736388
171,-0.011150762896770893,0.019485007387036492,-0.018090197543960865,-0.019060120198685478,0.03251992318820822,-0.003338352976963709,0.013900080199958703
172,-0.010918118408331685,0.019578643608243167,-0.015840448018683333,-0.01499072289343589,-0.0038463242144585593,0.007550731702698735,-0.019791765678075914
173,-0.010721854762806281,0.019464904106851824,-0.012391615247295061,-0.008776431897944558,-0.0615198600049785,0.030386158750177847,-0.049693261850607504
174,-0.01049051572292526,0.019398099022424224,-0.009817831027604196,-0.004069663147955675,-0.08004225974862489,0.01811512778402031,0.053898729327664464
175,-0.010227956677910066,0.019374275659092083,-0.008135720739891729,-0.0006309344210432695,-0.05311641166035644,-0.03048548324553751,0.0337362438727708
176,-0.009958637680349087,0.019285289400008596,-0.006431927104577164,0.002653745013444103,-0.01926437623081862,-0.03800182452967634,-0.03913121958481174
177,-0.009666455832038868,0.01919046682496976,-0.005211824655626247,0.0049652592112106745,0.03759537268714334,-0.01034288519379745,-0.06615465082678525
178,-0.0094148657274307,0.018890309752657375,-0.002960199718840398,0.009519521436206482,0.06324991183704651,0.003098396245458302,0.06857559718545637
179,-0.00920825898028869,0.018367577592561614,0.00044632612824083753,0.01650413446932634,0.05076600925603098,0.015544387418434318,0.04817544723943103
180,-0.009002771967770122,0.017767234204704403,0.003848474003261687,0.02368322750150007,0.039586121807970706,0.02623783998700042,-0.07073381171599646
181,-0.008813467642826846,0.017041090875811134,0.007599411292664098,0.03179879649603879,0.015336132208524879,0.028503799083635352,0.0029502486884848238
182,-0.008535573424847186,0.016373494495830473,0.01032210888263223,0.03485992959768085,-0.004407331523796947,0.012326482725479445,0.024153493662028465
183,-0.008154783756375166,0.015795839976138593,0.011756474878098782,0.032054099682118774,-0.01527914786046885,-0.02673635153427012,-0.026004557732474554
184,-0.00773190540791408,0.015184153195214838,0.012809083433398061,0.026748579766521417,-0.03764087386405086,-0.036984076485332154,0.007120048332508212
185,-0.007236317900215811,0.01459311488572518,0.01305457544719606,0.017178827857361793,-0.06682561047718091,-0.01874746064984365,0.04187411634863596
186,-0.006718953744366564,0.013946055639428561,0.013025358541474574,0.006277095271219901,-0.0649045337970636,0.0025319956563555224,-0.04783172145763889
187,-0.006184004188854928,0.013232910224500976,0.012776181144295804,-0.005753236944649831,-0.03082730188310247,0.03835676760568736,0.015670078839354947
188,-0.005578615992452718,0.012540317847780334,0.011651911143185137,-0.021973585404234042,0.020955867170230465,0.021790537069315354,0.002718436499319664
189,-0.004912629315676456,0.011852447376814073,0.009746238778893591,-0.04184105358690922,0.10041927850457015,-0.05465385593268078,-0.017538226788040987
190,-0.004277839667928853,0.010975867789107432,0.00851142163680448,-0.05153373193759679,0.11663154464892837,-0.048568555648871234,0.010897591774610036
191,-0.003674662885268879,0.009905499619524253,0.0079689770123033,-0.050169371575867046,0.06191326539913608,0.03217223405815901,0.025312697363276338
192,-0.0030647752132616085,0.008723986686653022,0.007465185626367277,-0.04398120272964373,-0.011694587025424794,0.05975409345375228,-0.03521137302432853
193,-0.0024706919970933477,0.007381907478029414,0.0073570411392944145,-0.029202372250785147,-0.1282840173624204,0.05616449838516647,-0.002573907126867045
194,-0.0018242608663772023,0.006013644984510772,0.0066078319825932435,-0.014684776949577925,-0.1533704891183132,0.022719767563773825,0.0024714603615688035
195,-0.0011205683325888154,0.004627812121702772,0.005131920778415782,-0.0009005002537581146,-0.0725952817588469,-0.06414867747048875,0.07959510385843799
196,-0.0004118364702522905,0.0031159049744832923,0.0037331270617212853,0.019872277407632578,0.029586817257767014,-0.08059105653936849,-0.052758436440755965
197,0.00031745882713371976,0.001507119977272058,0.0021707274146597357,0.0458473641057391,0.18931834409345807,-0.025920301905028902,-0.12070643398961524
198,0.0009472457545985555,0.00019064714045593812,0.0009535977848716326,0.0593559497550345,0.23456817306721486,0.00842848419711901,0.13947384287501233
199,0.0014595844865377846,-0.0008068666401042533,0.00021854633040393302,0.05970670586128045,0.14519321554918416,0.04712047398602368,0.01049209839970413
200,0.001921882424526788,-0.0016476661777352457,-0.00044987837713107877,0.054117502931168265,0.03363398898896903,0.0509851771306648,-0.057599752647154036
201,0.002297851937722594,-0.0022226515006948753,-0.0008846269536335295,0.037894573468977386,-0.14665677853452233,0.0044206093677318,-0.009033505566079816
202,0.0026440783014705783,-0.002782166021658314,-0.0011977630353258157,0.023350221188588215,-0.22236158353200625,-0.01669208732604383,0.02103944091590516
203,0.002963788302636183,-0.003334076757917901,-0.0014158864778319464,0.011069270302741114,-0.17154858774734838,-0.023302624938266563,0.041821223907013406
204,0.003195272895469122,-0.003654784099132153,-0.001328925439556561,-0.009170386727530764,-0.11627400941118503,-0.017295203018681156,-0.04106416986146079
205,0.0033482368768440345,-0.003791021083632653,-0.0009542036349797021,-0.034846795833283595,-0.010077639087420627,0.01547608621609051,-0.042412496227748
206,0.0035283985222480624,-0.00398374251729434,-0.0009800236332587243,-0.049350335715541135,0.04939430674949176,0.019925876227327707,0.047325045659711684
207,0.003734999052874906,-0.004221993177471188,-0.001429362711017408,-0.05237580570296765,0.045332107901353794,-0.002580623331960849,0.02871901450427298
208,0.0039216292633114285,-0.004416508668384908,-0.0019757345549358484,-0.0501371190142422,0.06330802860311502,-0.013560570401432524,-0.05086907441286282
209,0.0041132047168057,-0.004621647026408058,-0.002792665960099455,-0.03832089746986893,0.07726743191091173,-0.02308794632211835,0.03629381088277626
210,0.004229040365282,-0.004629557745413433,-0.0034199542397669366,-0.0292957764220171,0.0711629513172121,-0.01158012007181257,-0.011903219015587451
211,0.004261977731546168,-0.004424285023807789,-0.0038185987788677185,-0.023605242478756984,0.05173290749428277,0.028099351312775928,-0.04564146301236769
212,0.004271478555350635,-0.0041503741115721925,-0.004359997581731704,-0.011365749287437037,0.005645444527201481,0.02897231689028476,0.03967348357753628
213,0.004238075572089432,-0.003757752617696069,-0.0049389229051204995,0.004856164443334228,-0.07033219918327382,-0.006751100743856824,0.042239160971184915
214,0.004225006430713478,-0.0035483486298617767,-0.005445236318507293,0.014498003966003505,-0.09586249614651055,-0.011508469845078943,-0.05611980698398479
215,0.004244041180519347,-0.0035645271250453903,-0.005910056808090305,0.017758435649826317,-0.0679526968783262,0.004440153195303809,0.0028414162768325858
216,0.004250438009744578,-0.0036253900061892696,-0.006309746548478641,0.01793429374651722,-0.028451166528461625,-0.0025887625716419687,0.022357943818784767
217,0.0042631619776743734,-0.003818937886782273,-0.006623860399916467,0.012394904634614632,0.04244632808205808,-0.023874441462001874,-0.019105321478215358
218,0.0042579369898910905,-0.004000953236461219,-0.007001449873124068,0.009905740149857395,0.07343897744544647,-0.011400253210562714,0.018974497389382953
219,0.004231061481782058,-0.004157945468323235,-0.007440992025214036,0.01080336030673966,0.05687203806543967,0.03201449231257169,-0.028027663967598336
220,0.004211422430086548,-0.004440172760230732,-0.007852005813704052,0.008491446411867156,0.04333479053184135,0.026662443418939235,0.021678060230330684
221,0.004193939324376115,-0.004818968347888793,-0.008265212869086153,0.004822748215350631,0.014563044470636045,-0.023387615018418895,0.003943458649017091
222,0.004107902025585132,-0.005019809847968739,-0.008610156541255874,0.002986475452589722,-0.002814439527887265,-0.02171756826378455,-0.010808323788968963
223,0.003951073977227078,-0.005039652890189877,-0.008871634890591748,0.002531243854898381,-0.0026233085677176545,0.021411238621844346,-0.0037721130924122975
224,0.0037540768408963377,-0.0049927013119592,-0.009104618023941597,0.0032155536237755173,-0.01246110194559161,0.009674750269071745,0.007585750788157924
225,0.0034987024217536383,-0.004810587142889171,-0.009287727447859571,0.0057376583628687295,-0.025011556006942024,-0.04543904846656423,0.005320186459597349
226,0.003233187425756783,-0.0046934639210902615,-0.009435703437607974,0.006507589759554189,-0.028999383942826324,-0.032942691786648465,-0.00221607663224769
227,0.0029606058986278694,-0.0046548622629510525,-0.009552603138321429,0.0054655028244857155,-0.0265548838382112,0.03762630262827366,-0.02148474803188444
228,0.0026415335077791887,-0.004538746809868627,-0.009612039770448472,0.0049672059737662245,-0.01732760338741615,0.05632217308980073,0.02247362077229205
229,0.0022863696519146307,-0.004389818825769571,-0.009616765932124367,0.004245342893183232,0.001005472193101001,0.0380750417222998,-0.005547605501131426
230,0.0020111474030241566,-0.004313083716347937,-0.00951148539529231,0.0032828079236268968,0.01242416091398095,0.01571742196275049,-0.006522592785145473
231,0.0018228149366303979,-0.00430166220337424,-0.009284855259399424,0.0022987977831774122,0.016604764038447975,-0.030160444449732884,0.015562502107046787
232,0.0016740341218797368,-0.004338060826414358,-0.008962912763654258,0.0007459940183693026,0.023334829228524347,-0.06924151460481534,-0.005632113423603535
233,0.0015969481172398903,-0.0044480904797274,-0.008526471738357237,-0.0013470251856054318,0.029046613293340292,-0.09957119821529366,-0.001952852486677168
234,0.0015149762683678244,-0.004533931435952205,-0.007999568216543804,-0.0033528929798843383,0.021284564391509393,-0.045287584438850385,0.032573114847267076
235,0.0014255984436602382,-0.004595008287548048,-0.00738052155884976,-0.00533430309824035,-0.0005353661904521368,0.11015089086796942,-0.1202619545860385
236,0.0013959081463973046,-0.00470272850223045,-0.006637758549453693,-0.007587790048240634,-0.03334544610835235,0.13037669973986718,0.11531587684987794
237,0.0014113537810438548,-0.0048378398221962625,-0.005772935986953765,-0.010002194162814887,-0.08082384272746332,0.021881419167936865,0.010774224790702724
238,0.0014024955514760407,-0.004981665378216488,-0.004839921909862371,-0.010790360039728955,-0.08878852692068563,-0.026912060058227816,-0.025947279370409956
239,0.0013726062594504474,-0.005141322673041561,-0.0038362649320552973,-0.009791066757890134,-0.052925887169373284,-0.05850255805152706,-0.08184887241290385
240,0.0013465005137813482,-0.005313509329700272,-0.0027339290312945142,-0.007766245252829552,-0.0024327215803013206,-0.06289841895901742,0.10055378569081336
241,0.0013084355191926536,-0.005495815911301141,-0.001543829192256118,-0.004195541384606358,0.0771875147175009,-0.0101140688331632,-0.035898782381188946
242,0.00131878022014782,-0.005720408462216346,-0.00022104368227648464,-0.00021721913424203117,0.10720277285461864,0.01848543137465866,-0.0028621699681633753
243,0.0013818867358656754,-0.005988624011435804,0.0012408096527073082,0.004141848581459852,0.07977875419254449,0.03247687873353363,0.017041387525406956
244,0.0014556851652620822,-0.006283547337019991,0.0028126841336793733,0.00993011254648293,0.04494974327904641,0.031094552955768198,-0.021071500798564145
245,0.0015545508801525585,-0.006613119196086297,0.00450733892780627,0.016944550147481148,-0.01803834948294601,-0.0017411164691119858,0.03047732958071537
246,0.0015867904728387805,-0.0068490378064215585,0.006123710444894819,0.020388889871853277,-0.04811574055778468,-0.012951904294821157,-0.016497854643140797
247,0.001539554238886483,-0.0069779385517587,0.007640519032104607,0.019946755011544758,-0.03714714963068322,-0.006019530461480914,-0.041591558343775696
248,0.0014669962493589063,-0.007066718336083034,0.009163403676581538,0.01777063968265123,-0.031778204249658,-0.010649958730701585,0.037117491176008544
249,0.0013422817323333737,-0.007078987093934539,0.01063524271576223,0.01254584077502723,-0.015980627055626407,-0.01772533061722351,0.03770628982256467
250,0.0012092840268592246,-0.007085488303676502,0.012168702001971461,0.007358901178001932,-0.004524495699555196,-0.008339681929794606,-0.05230387120708675
251,0.001071826204952909,-0.00709091480051544,0.013771477772534704,0.002367432825544141,-0.0025095182302065475,0.016153545388640576,0.017802469919161762
252,0.0008840087091079558,-0.007027606438911472,0.015336638888581878,-0.005127065122876969,0.010213321520011455,0.025099709991457123,0.010091197450717768
253,0.000654369852784855,-0.006909461593274987,0.016886569882761476,-0.014506436576391632,0.02940027810665714,0.020298568097111277,-0.047865399196624636
254,0.0004649597334687935,-0.006833725792031431,0.018583337009271287,-0.02009731739735682,0.033013270106603106,0.00544193026286717,0.04547990927708784
255,0.0003163838004971439,-0.006799556633228589,0.020426723292815464,-0.021713499641781372,0.02178549295985199,-0.026731842363793487,0.013347412522648731
256,0.00017429654985594395,-0.006768724741810969,0.022352924925332866,-0.021651363251539404,0.003055154360986808,-0.02921227125821322,-0.02173687057191301
257,5.893518906004037e-05,-0.00676475425467234,0.02440177816991539,-0.018419927871723214,-0.028386330741629384,-0.00018283908804721962,-0.04031814738997604
258,-9.010566624694029e-05,-0.006712199135453896,0.026449639417012862,-0.01604284243890314,-0.03985001168985035,0.006912804327925074,0.03786155153303706
259,-0.00027711583472882835,-0.006605939111498353,0.02848857980958401,-0.014720021505805212,-0.028847972000669506,0.00047311577091109735,0.04664791250836134
260,-0.0004554975984815683,-0.006502533624168327,0.03061281063603078,-0.01115850454585411,-0.0154302731424113,0.0040706013968924565,-0.0586604472601946
261,-0.0006389282289168534,-0.006384785896749,0.03279462844433115,-0.006194355718701677,0.008695594640386427,0.010001564511058537,-0.013010735831443115
262,-0.0007784864276228016,-0.006231189983420328,0.03384478705842448,-0.0027958881230980095,0.019697794824984887,-0.002885629867608216,0.027333364739958795
263,-0.0008640529527618098,-0.00604536706305868,0.033651159129558184,-0.0008302149601599382,0.014338454386517336,-0.03415785547846963,0.020838896977455425
264,-0.00092834683957949,-0.00582474664770249,0.03274976022692769,0.0005618123993438496,0.010861033182633414,-0.0015997688949839647,-0.028716064862206934
265,-0.0009558597832041302,-0.005564300896348442,0.03079667539378079,0.0006726474044302729,0.0029877070022662332,0.09720581915808635,0.001041963191266546
266,-0.0009636289399475023,-0.005289389633245013,0.028494875735103592,0.0021047879942189328,-3.208495037195598e-05,0.06645081068618272,0.014141269800644644
267,-0.0009532829786348575,-0.004999200586768511,0.025865893768726403,0.004969882293341256,0.004145908955229564,-0.08954032547583089,-0.026964656447777277
268,-0.0009018800357094144,-0.004676463861928032,0.02224335487802822,0.007390276216113611,0.005997293190852014,-0.10498413035462537,0.01757638256052735
269,-0.0008120571046664895,-0.00432582669774988,0.01775247762035416,0.009934442841462965,0.008186576453004043,-0.004915812234362946,0.014104506307828755
270,-0.0007362485005303166,-0.003941916273033095,0.013212147490718681,0.012154490660738078,0.009303251481357392,0.02816388878676635,-0.021403147653021887
271,-0.0006749896543433232,-0.003521944392812218,0.008591985388338268,0.013806548255094659,0.008155790265900091,0.03600525807801953,0.02350902388173223
272,-0.0006038624694415579,-0.0030711442988976103,0.0035624724724463855,0.015505334143385233,0.0075421759015813295,0.036630678861898774,-0.002992794344992694
273,-0.0005355004013442836,-0.0025871698892292335,-0.0016919850774133297,0.017075445100668617,0.006797429510720323,0.003320738554865606,-0.06549534788179177
274,-0.00043219494807914655,-0.002067282793097864,-0.007856607653685666,0.018300935104090584,-0.0005008469492036467,-0.011098065426786525,0.058554704133210164
275,-0.0002904395985374843,-0.0015112039857761261,-0.014990658142984496,0.019220893430921166,-0.014662297219632983,-0.009447146425462816,0.04117102805560777
276,-0.00013893493646037112,-0.0009177522595301521,-0.02261555695416424,0.019777007484843352,-0.033273057688998124,-0.013106216715480479,-0.06555730445533212
277,3.136969609051326e-05,-0.0002857702152583214,-0.03089972570421701,0.019916876700166494,-0.05809484966560352,-0.012283892439636502,-0.0017431829591129273
278,0.00020370026119720776,0.0003461847545186005,-0.03700738052999823,0.019133664027691562,-0.05905132153279829,0.0009649075407985378,0.005736106808377918
279,0.0003735960997076732,0.0009751484250114571,-0.040611058232980245,0.01733074190440074,-0.03338802406362828,0.02691050308508914,0.06385285011740165
280,0.0005558420218810015,0.0016206801566310608,-0.04317211252367446,0.014684379911511076,0.0031097577664639824,0.011315592800681137,-0.06970573485434235
281,0.0007451230534070524,0.0022723314421376774,-0.04386584202753197,0.011012914299695272,0.058750632829942556,-0.04856750653658868,0.02028187166857291
282,0.000945154324897749,0.0029534255842637346,-0.044225632946094544,0.006580255482500958,0.07883565282318074,-0.03881260462198814,0.012427536494158956
283,0.0011572323646256099,0.0036657588080278186,-0.04433415504964022,0.0013549995654701821,0.058168463341441455,0.03552589825034426,-0.0420410598678138
284,0.00137480320872321,0.0043887093096579175,-0.042678415379056735,-0.0049866345771030504,0.030086802699820687,0.047664566487400924,0.03756145832437147
285,0.0015987301802761551,0.005127245947942817,-0.03954236812535746,-0.012430152437928792,-0.01991521499555514,0.01352742710768975,0.0034951453498334797
286,0.001853461882475867,0.005909113100963376,-0.037164234582593374,-0.018642970042806413,-0.04417194989605686,-0.006213594060960034,-0.0140195160820436
287,0.002140226938489653,0.006734293798147961,-0.03551539870480889,-0.023469065781284763,-0.03693024007932816,-0.032056554435565696,0.007362525790504428
288,0.002447904421355803,0.007592925755410174,-0.03367647948682036,-0.028033494941080053,-0.033298087228137145,-0.022226165361992508,0.007188197792851752
289,0.0027829536641909808,0.008492001552522076,-0.032177932963531816,-0.031707571125712215,-0.02089382989457468,0.03365211424698271,-0.04768214457318496
290,0.0031297739374799047,0.009410205028036016,-0.029268754767894454,-0.03598075873225949,-0.005552014843632781,0.03620904206248833,0.033644255479567294
291,0.0034873778840829083,0.010346560703293034,-0.02481182881489689,-0.0409564758438552,0.009597054849944227,-0.008081771328490174,0.037032001767462894
292,0.0038690900161545906,0.011317616429493617,-0.020095939653324228,-0.045350561433906915,0.03754305385065528,-0.029344987807285082,-0.06499734369519498
293,0.004271636175462962,0.012318856611266095,-0.014708374012768753,-0.0494790434521462,0.07676930717344974,-0.044115359578901746,0.058002466544084745
294,0.0046340308042992565,0.013072540916941945,-0.010335796876993325,-0.049093978353067946,0.08025759144346817,-0.018172528442823927,-0.04361872165609168
295,0.004951824452457758,0.013552106424752425,-0.007271935336581842,-0.04358260788660612,0.04580590911004223,0.06248981406251924,0.025584547044761423
296,0.005251475162531641,0.013884362056190914,-0.0044132163162280405,-0.03512976825628884,-0.005099722925959832,0.04470472868039074,-0.01654416378717029
297,0.005515897212943386,0.013989031459411317,-0.00226809143284379,-0.022432860674168192,-0.08477303770868351,-0.07045895849458234,-0.00022194451465938538
298,0.00578357844984331,0.014029420905307942,-0.00014572270070635322,-0.0075809953128859195,-0.11139766351582646,-0.06735394646289604,-0.016071252026620464
299,0.006055958969101702,0.014010933361856829,0.0020313127359923955,0.009368533640568022,-0.07764445332445734,0.034471151956487256,0.07678976731146948
300,0.006298452757701175,0.013778553816206263,0.0034604692474553282,0.030685066259381874,-0.033188635013046475,0.06649724854413955,-0.08403668496206444
301,0.006518340117707729,0.01336156097156369,0.004273850310170926,0.05604294473004355,0.043439022920077244,0.06081821088909947,0.03961942153551411
302,0.006754758772222523,0.012953965584941494,0.006193801426827115,0.070906673359284,0.07381602373119123,0.020607692518558898,-0.016062018634139773
303,0.0070062461465121495,0.012549166410813488,0.009251207605578862,0.07422880723628829,0.04850637847158367,-0.08371196532093038,0.014490362863903532
304,0.007258222899644186,0.012069109426087339,0.012693446228529071,0.07273987847834011,0.023037778049005798,-0.07987258109697323,-0.014718987991630319
305,0.007519676444351313,0.011557808024809421,0.016950263667009167,0.06243966929844643,-0.023284272941322494,0.03535582898450006,0.002988242701412132
306,0.007757557649600197,0.010854177654198332,0.020799268117934713,0.05244181950990464,-0.04110679732119564,0.05297374853248209,-0.01701861896437596
307,0.007969430320792488,0.009944523743371538,0.02414986837445884,0.04324426981947282,-0.02199803858294764,0.00031192179917104645,0.06684728194637697
308,0.008178668287649418,0.008942126301213991,0.027963483509071105,0.026775747326080276,-0.0065872330216021945,-0.014254090541450307,-0.06712373037406043
309,0.008377423370560582,0.007807637419420938,0.03196400633567436,0.004863967208317746,0.018655681500786194,-0.022506398135312432,0.030763300810557427
310,0.008610762385417199,0.006739281396665502,0.034551975040534595,-0.009225558803797811,0.026911914707674053,-0.009829781936093048,-0.003075266516346663
311,0.008885297848114143,0.0057661921065571406,0.03567101881249999,-0.015327972677120162,0.012119404321037813,0.03883581680168305,-0.04340862042218826
312,0.009173843964975134,0.004764202969650957,0.035871985725611434,-0.018599926811295273,-0.0018894415286558638,0.024590834313552076,0.025706129330853197
313,0.009489664633143607,0.003790987922580163,0.03471769868305271,-0.015670004765376954,-0.02302551242531461,-0.0515143304887744,0.06969532425634746
314,0.009811802914437048,0.002754672343051185,0.03335080803348998,-0.016447459957499546,-0.027600373249256023,-0.03786861798989425,-0.08522621194168456
315,0.01013833867859739,0.0016451749891746386,0.03179164147463442,-0.02146950819336548,-0.011275833222301065,0.054660752096093564,0.0321679516555987
316,0.010491608575291743,0.0005592051501663205,0.029074487230659807,-0.022953870804662952,0.00806995376309128,0.04616350049811796,0.005324467417785337
317,0.010867543420727828,-0.0005221718637527403,0.025412208970590877,-0.023032691319046058,0.03735725761141295,-0.04546582276840731,-0.03438151978480382
318,0.011224704922347496,-0.001789096499314311,0.021587298223718583,-0.02373815604297945,0.044892874236882,-0.039348391256767146,0.02738086171647608
319,0.01156268934844222,-0.0032452532863353027,0.017531526730423155,-0.02433542324100985,0.026541958961125312,0.04233268860078745,-0.007553014812105767
320,0.011899002907812933,-0.004811664037888485,0.01299006097941592,-0.025313318276135994,0.0033085297844999096,0.03235673961818244,-0.03278744538171039
321,0.012223396898849593,-0.0065365509804399535,0.00812722260640482,-0.02697163772371838,-0.033582749321562876,-0.04753801992450302,0.11794216552866466
322,0.012566134262817049,-0.008284532845839753,0.0021896373920977956,-0.02612887613031988,-0.04598608542416642,-0.03870424347847751,-0.11173885604451426
323,0.012929380878286238,-0.01004717487752564,-0.004881201848512367,-0.02273196809814205,-0.029273569891467323,0.039620703175986705,0.021715839067666866
324,0.01328968934010793,-0.011932334239279805,-0.012594346024218996,-0.01854108207600559,-0.00910332520422482,0.036757881103605845,0.027370299834799182
325,0.013653905882895733,-0.013910514116495193,-0.021136569625052195,-0.012827759206389448,0.024828278562607862,-0.028236127886895356,-0.05736486259016433
326,0.013983263141357005,-0.015448640765964847,-0.027101379105971588,-0.008437225025678684,0.03932081574512641,-0.030486900778506302,0.04585437496511609
327,0.014271192479341313,-0.016504912438006433,-0.030109527202210443,-0.005738579370040396,0.02984315703453854,0.010541830278455833,0.025938969168366757
328,0.014540732120802414,-0.01730842542794433,-0.03190816506580221,-0.002808631989110689,0.020923106021170798,0.027187391932513065,-0.03715946561845764
329,0.014779938668622844,-0.01770791049281942,-0.03151310051658809,-0.0004251823284869737,0.003654525345412976,0.03731763723094627,-0.032485815992862564
330,0.015005467815325475,-0.018035712079912794,-0.030787314025298378,0.0026595015096292354,-0.011457374961657423,0.020365275585365366,0.03357925336251793
331,0.015218387730928635,-0.018302157624432647,-0.02983428952296122,0.006653174785641204,-0.021733350477698563,-0.03548673299379203,0.052239301964453984
332,0.015399303597362754,-0.018203795577528405,-0.026835589887762,0.010286897090225358,-0.03964070820675858,-0.056804635880811825,-0.061795730180768414
333,0.015550954735530732,-0.01780162376237026,-0.022140792691426884,0.01386304789215065,-0.06239516355045942,-0.04772147981160417,-0.012200124437664928
334,0.015709890411783112,-0.0174403123018242,-0.018395022194086435,0.017052478181895966,-0.06022737777784281,-0.01984583511317367,0.02928218890259656
335,0.015876039344574388,-0.017105413132403734,-0.015564181106381948,0.019647085361870868,-0.03186194872662067,0.043342069919921705,0.007938983948162554
336,0.01603291807783356,-0.016664697344170993,-0.01257452535899611,0.022006127682082398,0.010711566866316207,0.07109920137990804,-0.02721337570655357
337,0.016189175974155322,-0.01619588123665137,-0.010054746798945101,0.02396940204677457,0.07547185582207756,0.062116586572925535,0.02905159019760184
338,0.016317435743136405,-0.015405367282935286,-0.005932786273841587,0.025451218075314457,0.096153891004137,0.01672411084812019,-0.02853987756542409
339,0.016415181647039218,-0.014269473268064705,-5.092085504423521e-05,0.026442670204690086,0.0671801980353076,-0.08489098621833054,0.032195389734891194
340,0.01650274370189946,-0.01299276937069287,0.0060626982292820274,0.02681271099591789,0.02717491337244445,-0.07825562740007824,-0.025223201600839254
341,0.016573491794107685,-0.011503957281253281,0.01289351124389072,0.026511346720371753,-0.041303262039524016,0.04229217254294739,-0.005544770908473743
342,0.01664578156540911,-0.010206476696010748,0.01763194175635816,0.02451500050964246,-0.06828441847960572,0.0637170487345597,0.00778470787406442
343,0.01672331264869328,-0.009157531200401072,0.019843907541862122,0.02065260168643107,-0.04592719755319611,0.012582204394455612,0.03722199172421156
344,0.01679233063388756,-0.008111559419729754,0.02121099393943475,0.015325508395534038,-0.02244041937190864,-0.027036557996914033,-0.02649997255688244
345,0.016858377875073313,-0.007185890539852648,0.020892300239915257,0.008187811758700472,0.020526627863159272,-0.09088144566465615,-0.04692588617029065
346,0.016914991165453766,-0.006189153378298117,0.020165124707237487,-0.0002625414836205425,0.03740648653881324,-0.0516079741605127,0.062101171248878026
347,0.016960975057941932,-0.005102260108314734,0.01913346092283651,-0.010066773985517774,0.020801625482168903,0.10833162151233429,-0.03337458689436811
348,0.017004429679719588,-0.00412464109694941,0.016396540389415036,-0.021827625463182284,0.007629298843550446,0.09524322423231071,0.0036230327643536142
349,0.017043947483633623,-0.0032176100717975376,0.012189392270193672,-0.03550676799436099,-0.01447786730833119,-0.0769895038217279,0.044446199179047914
350,0.017057542752089476,-0.002007485897992325,0.009124939697314016,-0.042958073028471926,-0.023542797704576485,-0.08332370918918101,-0.042159845387480036
351,0.017044368694046,-0.0004888500943860019,0.0072177179662208804,-0.04349229441821594,-0.014333186040408325,0.03597291376067143,-0.021762590666932174
352,0.017014010562743133,0.001183312191563519,0.005337169774364641,-0.04096557465394064,-0.007420705015068859,0.057606651191694336,0.04026462585459742
353,0.01696073511225342,0.0031028235573131798,0.00411956662928999,-0.03309306232588984,0.003662172877007236,0.027517254022141342,0.0027502110895466225
354,0.016899209861103506,0.004999771578226206,0.0016384601465198139,-0.024807053405977955,0.009511856767906092,0.004199884368253312,0.0027042114476419597
355,0.01683032666738222,0.0068566233155518365,-0.00225827412401059,-0.016362960815818214,0.0073145542775165506,-0.04466228604408496,-0.06974357445238628
356,0.016741880780099742,0.008885759156201462,-0.0061007909437552025,-0.003262994537007208,0.006928795649451367,-0.04698937632599707,0.07403913171768882
357,0.01663697856459341,0.011027581980850265,-0.010336112334396031,0.013530572330090826,0.0054221211315138235,0.004741448053755686,-0.015714205080901537
358,0.0165577517224421,0.01270461824191501,-0.013310697870947633,0.023498828158900434,0.0023313763141142394,0.017952002085308838,-0.012362266221479304
359,0.016506923314284317,0.01388225371138778,-0.014703657668753945,0.026261169710561624,-0.001425386358776033,0.006152396147985647,0.015166653423409615
360,0.016466795682942067,0.014788993929169885,-0.015619582181060587,0.026220801392691652,-0.008116724596350003,0.012380017369070666,-0.01817826281928317
361,0.01644907098847531,0.015263758909992323,-0.015545510117505863,0.02061658504879925,-0.017717466122608917,0.023126102931740573,0.009325014687541188
362,0.016426394682188948,0.015689480229617622,-0.015100477949619022,0.016801052007445035,-0.01639881730079331,0.012894264316464059,-0.020018132671982
363,0.01639778214897536,0.016076261722404606,-0.014350982004067122,0.01517486884622774,-0.0033176373229538932,-0.015940786284878227,0.0594012890071669
364,0.016387385063091037,0.016087081869347777,-0.012517962301257273,0.009700473634789406,0.014944212716329909,-0.026978062114146106,-0.05178528950157222
365,0.016389986742995098,0.015793105864497656,-0.009709343295496322,0.0019220280162875187,0.04207351348889997,-0.022895523124112027,0.013005271854887833
366,0.01637953214548695,0.01553287757202022,-0.007691170135218641,-0.0024920322112890127,0.047871234852684616,-0.0019760567463608146,0.02534439788533937
367,0.01635709907928174,0.015287682564373475,-0.006491126437334095,-0.0037540871332742334,0.02952266123894477,0.04475803716036695,-0.08427424150195417
368,0.01633212493932027,0.014934992473508022,-0.005309852581276929,-0.00352583367133766,0.004579744122743315,0.024904354515830982,0.07698236366389166
369,0.016298641298636885,0.014549836684140513,-0.004581614172207252,-0.00043707771551840756,-0.03506453893494183,-0.06556907505048926,0.000829220188560513
370,0.01627894556854277,0.0138322529323676,-0.0030504236925165498,0.0006387015457551005,-0.05106179386727168,-0.05521419912940058,-0.03577018958913853
371,0.01627462785453724,0.012758898468020727,-0.0006115413492586869,-0.0004949301797822677,-0.03929048807939538,0.045789164812552914,0.015584689047987123
372,0.016269987917345196,0.011534819664093622,0.0017599187489903958,-0.0002708831470114801,-0.024979467539398677,0.061629166765265156,-0.01712967565982533
373,0.016270301722989947,0.010087050428785327,0.004355947165670092,0.00026084626994488666,0.0020179006035905022,0.016349419767190645,0.07046737972816237
374,0.016243068042599704,0.008887749290560788,0.006344406926003904,0.00046185992394261476,0.016974609733509914,-0.009831372516082742,-0.04540812146435357
375,0.01618361606520914,0.008000391275195024,0.007537245733107053,0.0006599715045298182,0.01623939132991291,-0.044768204188571546,-0.07464546371048147
376,0.016111245021055057,0.007145524513559495,0.008538978658405565,0.0004205504278323959,0.02016621128294915,-0.028820390180222585,0.10018387280207147
377,0.01601639593919098,0.006459781695314897,0.009084398163942594,-0.00034169844136016156,0.02229269369156626,0.051890593841452386,-0.0371453994356579
378,0.01591439361237959,0.005712087098388295,0.009432882254942484,-0.00033972556980503966,0.016383392097192823,0.047294363323153295,0.004569720093527015
379,0.0158065667681163,0.00488104969750878,0.009620930871751488,0.000403363587893021,0.0036568975354567433,-0.0346787477184799,0.012795338496750866
380,0.015676690894070675,0.004203080060487937,0.009274672821500508,0.0011889845388150671,-0.018164868954293735,-0.04695492064708088,-0.010674314763128932
381,0.015527716293051481,0.003631726243480084,0.008437059132588947,0.0022894499742751096,-0.05066917150298641,-0.011364359908615519,-0.03666983773110362
382,0.015388975810942613,0.0027449754903614942,0.00809886959035642,0.001416919941034721,-0.0572858719697817,0.004429339179558266,0.02595838913684055
383,0.015260677702104942,0.001538281161507352,0.008283303124672337,-0.0017059676978571862,-0.035739502970090695,0.022664606219119234,0.07274206257331851
384,0.01513044583100723,0.00018512646799867383,0.008530565923660456,-0.005801799556734323,-0.005024841299976113,0.02072013906661258,-0.07179249247067689
385,0.01500549556160132,-0.0014198355351269175,0.009086684593277257,-0.011527029698821238,0.044394246082453744,-0.011048957579482177,-0.04538883397023717
386,0.014864238337816561,-0.0029681280820357896,0.00926557547526812,-0.017760276161902275,0.06436798863545436,-0.021071080248458107,0.06988582054189109
387,0.014705102337349701,-0.004439588297603194,0.009008922780110866,-0.024414654308965122,0.05015119475198462,-0.014866320321737974,-0.000517529384106763
388,0.014544705868979262,-0.006075000858534312,0.008857686123609923,-0.03263522428365575,0.032879930649538106,0.010817018055188775,-0.024514643447567007
389,0.014378134252460671,-0.0078058961455884255,0.00865299711439167,-0.04220568094526311,-2.594538664369133e-05,0.0671996573468691,0.006052508043461133
390,0.014211271752281063,-0.009185674350956758,0.008355163495768175,-0.046659390366556155,-0.01687998891178667,0.04016832549852667,0.002578459367043799
391,0.014046514084582466,-0.010195985109334416,0.008018675806672865,-0.045524828617140634,-0.013072818774890227,-0.07496433656881761,-0.0023402185203633247
392,0.01387754705902084,-0.010997544101998918,0.007546009429536735,-0.0417224260880817,-0.014272938204624101,-0.07295161131053116,0.009917495319880993
393,0.01370651294833664,-0.011467902211222677,0.006939752777185566,-0.03345849798730528,-0.01217674209265886,0.033140009984554165,-0.012580515909415751
394,0.013533905751380023,-0.011921520625284253,0.006344220742025235,-0.02477238668254457,-0.009068011499827168,0.0434831886704389,0.03099089682021935
395,0.013359335711138391,-0.01236520500088072,0.0057508720811071425,-0.015855048267200734,-0.007440026184650098,-0.01253844219586393,-0.08046029891917404
396,0.013184575557765588,-0.012531502725911265,0.005091694441575687,-0.0030953659070797734,0.0004993082995824578,-0.011040326666012007,0.07872113550289092
397,0.013009822697472573,-0.012479413725131295,0.004395449230594441,0.012717972575591029,0.013870872505306303,0.020787935650892576,-0.015038154884050099
398,0.012824582411102745,-0.012443156054613158,0.0034707968176318407,0.026170269088600755,0.01934388911123572,0.014971417207537857,-0.00687612469373417
399,0.01262836678821286,-0.012405717363404973,0.0022949595332821225,0.0372593505173931,0.01711763654960018,-0.014863332125063789,-0.030075527979871175
400,0.012426482211340652,-0.012288612572567952,0.0009790166517401602,0.048088168908801694,0.013048753123207763,-0.023127026484381575,0.017795799630363873
401,0.012216259444003981,-0.01214252770310018,-0.0005309819162759604,0.05731556746938545,0.00407086514536365,-0.017689117683971606,0.0614305578084836
402,0.012004325018164251,-0.011749580846091226,-0.0021467737795905933,0.06911201518251121,-0.009080524769372073,-0.006385559356828016,-0.07306857699070601
403,0.011791305904729777,-0.01109343688907446,-0.003859907360088915,0.08373215187876719,-0.026425231510290966,0.018914225164278115,0.0049725218355302254
404,0.01157171541225792,-0.01031952476885699,-0.005761807644590911,0.09799244390438214,-0.050943595488715646,0.029613218090567904,0.007186605974677766
405,0.011347083886865483,-0.009374661636778709,-0.007834768257167092,0.11281954000916898,-0.08288826049274314,0.0248431964314975,0.04534307648398131
406,0.011119229598135843,-0.008654150858662111,-0.009391412997579833,0.11514890102090941,-0.0854042556144388,0.007912769658618802,-0.05253663046586843
407,0.010887701042094747,-0.008208425304907811,-0.01037616814271746,0.10328225558275339,-0.055679733688170883,-0.028986867425886895,0.009738813643452303
408,0.0106527399746827,-0.007809449977184193,-0.011101383651618595,0.08398310285057167,-0.011650961112710473,-0.04031107158168748,0.0028720201210215438
409,0.010414694621375929,-0.007571045671897394,-0.011373729287037426,0.05335398645098869,0.056774419596467736,-0.024936578518845308,0.01955294558457644
410,0.010171274519667909,-0.007294192923947203,-0.01161239441188951,0.018092484702564034,0.09585300851078198,-0.003342935305218209,-0.02185579474436084
411,0.009922489613555713,-0.006961624528739951,-0.011835395507424564,-0.021514225328210346,0.10090292148616016,0.035429292224760794,-6.732131914074634e-05
412,0.00966975706807617,-0.006773541183338318,-0.011659849811044913,-0.07240796932261354,0.10655771393992942,0.04655520365989191,0.0006049159325147296
413,0.009412601429925439,-0.006690065737152023,-0.011165410125449844,-0.13343852893001384,0.0990886086166289,0.025973767690190063,0.02159305294950111
414,0.009152039392361722,-0.006369311693709822,-0.010808915352135398,-0.1670625412673199,0.07285353659206685,0.008225201802057571,-0.032762817011425686
415,0.008888302744311434,-0.005808754051868496,-0.010576157216697852,-0.1706952110761275,0.028949276268484418,-0.017531161320496327,0.03094799168008247
416,0.008620575030971802,-0.005147607692649717,-0.01029403266075616,-0.16149394086296165,-0.041651990245837885,-0.050435827267877896,-0.03673156488787041
417,0.008349167961237153,-0.004300948110022469,-0.010068535389033772,-0.12915791089620685,-0.14146943456484778,-0.08707326170134401,0.053652949297894034
418,0.008073894194640729,-0.0035214241300999187,-0.009521187202726527,-0.09745877088251774,-0.1717968008954048,-0.040083684250371024,-0.06304836784737278
419,0.007794693680325277,-0.0028255724264080514,-0.008624232738092293,-0.06766626500040812,-0.1263948508360106,0.10121558773735825,0.04635085589776369
420,0.007511938052841081,-0.002017553191524056,-0.007648461645983378,-0.018851075807578044,-0.0553338191810743,0.10837276484041355,-0.05691213719021392
421,0.0072255930616313135,-0.0011536606974099227,-0.0065045403849560346,0.044217199605266204,0.06738539592513917,-0.011352247496268364,0.11803945537765959
422,0.006922229108304358,-0.0003894665696030146,-0.005461268931129124,0.08129732034271314,0.11747865500498979,-0.041170277198729635,-0.09612828109071385
423,0.006600545898765764,0.00028112797978493975,-0.004570108903514883,0.0913441299915757,0.0832118681774169,-0.01826943861254571,-0.00542791445937298
424,0.006266822354129416,0.0008910604323531805,-0.003636403337558091,0.09042970530844616,0.0464540810465965,-0.02007125187558312,0.06018223095903643
425,0.005917191432718153,0.0014009354209850047,-0.0027408184892542004,0.0680957374271006,-0.024755143781452254,-0.014560076830943555,-0.07626896615733325
426,0.0055594436688986915,0.0019473247139454573,-0.0017865633565941575,0.053379330075652286,-0.053325126298079444,0.0011510764061215305,0.0701090880413681
427,0.005193878354594104,0.0025313446325533266,-0.0007574018544519902,0.0477685213251165,-0.027105126290349748,0.022173323851928915,-0.049804540019391094
428,0.004813083822487771,0.003050009309757881,0.00022716921299643285,0.02782867018174361,-0.009264788662876673,0.018519461589779514,0.022061185567150383
429,0.004418477069512081,0.003529883276986527,0.0011875718459211238,-0.00033304769260238945,0.02079561182890427,-0.013402226652331635,0.014410449127931563
430,0.004019476401432641,0.0040124376733727185,0.002421610730165985,-0.016179314516410647,0.03253555181663399,-0.019057123286358703,-0.02980254557314139
431,0.0036157924682980345,0.004488231381235394,0.00393878655813651,-0.020623554364010428,0.017385129564071247,-0.003523733379986126,0.02891906572754003
432,0.0032036540224901033,0.004953917096491866,0.005609445138478272,-0.01931413965823761,0.006506895522723445,0.01345160970703977,-0.016196973952333455
433,0.0027852170922885063,0.005416630084975261,0.007510203274616343,-0.007306937997347178,-0.009405458183921933,0.042084528255766245,-0.0002731861419387185
434,0.0023527332445817278,0.005821259727503025,0.00943879266352096,-0.0026679334346475622,-0.019131169159135077,0.024415400843426895,0.01898147703530156
435,0.001905562542672712,0.006164828884336937,0.011382129123918568,-0.0060645987244986625,-0.018468745891919554,-0.04547244355436871,-0.05494826192806974
436,0.0014492012247595053,0.006478997377344559,0.01350567843661147,-0.004379602214967906,-0.020499351957300904,-0.04956312382429824,0.051031915729639846
437,0.0009817739675288242,0.0067501827570046686,0.01576575039936835,-0.0014877706215723867,-0.021451227187204994,0.005115037169814438,0.0027686844103437386
438,0.0005120541542757965,0.007159777692335025,0.017147451973451168,-0.00023641545856052133,-0.018312628820748106,0.015377486474910529,-0.011887470062289853
439,4.138883535677362e-05,0.007727457766756895,0.017567250982701038,0.0005232398919073021,-0.01210147170694014,-0.0005461265638055639,-0.024935530152063536
440,-0.00043580870345771757,0.008356842712754628,0.017470483947434827,-0.0005788242899024596,-0.0009766518248256178,0.007389940600420471,0.03385640312841544
441,-0.0009169685091515022,0.009099532157174607,0.01656842266438953,-0.004006024641020295,0.015689792259118335,0.025443076255696747,-0.020897994926929578
442,-0.0014060328911467458,0.00985704823648185,0.015484354427387827,-0.004710927488007794,0.025599810281258698,0.007952115564817501,0.00582600830487581
443,-0.0019034483324937993,0.010622531168443439,0.014238943164472684,-0.0027700640272191822,0.028315731735747595,-0.04273259840409547,0.014036201626322325
444,-0.0024049747673275967,0.011490984930416628,0.012258590878113557,-0.0010486630318326943,0.0303699324748216,-0.021268892773580104,-0.017444413017287285
445,-0.002911418931261456,0.012443003424329862,0.009657738901660714,0.0015103812863682257,0.02876156945122665,0.07107586826624664,0.014161523478782868
446,-0.003431355102425109,0.0133374321229987,0.007105824739267881,0.0030824169706174073,0.020886890863458202,0.056001495309930566,-0.004508573239907257
447,-0.003964956153432649,0.014175029276375907,0.004576945510026353,0.0032746404683069307,0.006580145454176186,-0.055886137281248686,-0.028794523184990293
448,-0.004508622359008488,0.015011702045912357,0.0018120108134754348,0.003728557560257329,-0.015527666790357266,-0.07030753769173528,0.018118067102358592
449,-0.005064526002702696,0.015813117732918918,-0.0010372220320085516,0.003925484553448004,-0.04654099696545416,-0.011329830458484314,0.04956403909153488
450,-0.005626586829330539,0.01668772874319445,-0.004535665704980757,0.004122711492038093,-0.053467657030651296,0.011512899473011595,-0.06318611552235309
451,-0.0061944152958277356,0.017642847174989172,-0.008728842696662012,0.004493659056064412,-0.03393356832677497,0.02824888129654921,0.012086201039772353
452,-0.006772856918481935,0.01859662938863576,-0.01322090487116141,0.004483770027485171,-0.004841738408355773,0.027408352772593778,-0.003076950665412275
453,-0.007360581266362522,0.019573688553952046,-0.018148680128155615,0.004183241474188332,0.04263326799137166,-0.006920386157915681,0.048180584156839144
454,-0.007877273284332662,0.02025697166149169,-0.021432705402150285,0.004017996152148682,0.058577758774246674,-0.021900783340241727,-0.04642427406083658
455,-0.008315249624933747,0.02060524162324949,-0.022827941371319188,0.003935610788586891,0.0382514147781486,-0.023007928505030653,-0.005808571186781689
456,-0.008711140321242226,0.02078462720474536,-0.023415263226767947,0.003794390046671452,0.013116584307205734,0.004713248692651652,0.020063611638630605
457,-0.009041725208189792,0.02070083360729471,-0.02258868816813514,0.003673570980293866,-0.029898398200103028,0.07378062466754154,-0.004038739525252515
458,-0.009354173233363404,0.020516160861819524,-0.02146082307502016,0.003242387163809545,-0.0471950148924188,0.047839668217168146,-0.01081021508241343
459,-0.009650026254537253,0.02023827664069762,-0.020092746393602118,0.00246979344380609,-0.033126266383564536,-0.07605887383609948,0.03534844467474629
460,-0.009884470468740643,0.01969943185057186,-0.017379489127678407,0.0015710414580000643,-0.019442060431486486,-0.07526539676551319,-0.0332341240821773
461,-0.01006594636243652,0.01892795875528551,-0.013526623144022035,0.00046136835634586013,0.005448559000719091,0.03375197179871525,-0.005411772681987035
462,-0.010250318076772716,0.018181032118716117,-0.01018772259873479,-0.0008641187311288649,0.017677800709226123,0.04734174448866117,0.010125086917287352
463,-0.010435639781432035,0.017454541743751568,-0.007342842407185122,-0.002395265799949302,0.01274606009665933,-0.002480576078124683,0.029060642395440577
464,-0.010599419962730509,0.016638466876469873,-0.004309752785971198,-0.004202006553332843,0.011621910550700165,-0.016514315823646552,-0.03238084277078496
465,-0.010754305072050134,0.01579264009389305,-0.0014805286661540862,-0.006291020909013859,0.007730055818304608,-0.024218830675051477,-0.009370237618005057
466,-0.01085382965901232,0.014715255713058397,0.002434900564878998,-0.008626729747284703,0.005569362514675797,-0.015083175194154709,0.013738894557970257
467,-0.010894019980625735,0.013388590272545305,0.007538154084806929,-0.01122844641767385,0.007532436834041708,0.0244947769296596,0.02534907219492872
468,-0.01090749129319147,0.011958970223727704,0.012878745141494188,-0.014128338143039423,0.006122992183062841,0.026966115481247083,-0.032785735975183396
469,-0.010882871616122282,0.010377447188109552,0.018760928546791678,-0.01733104994054092,0.0028945338928446805,-0.005268666385360204,0.007012537057435248
470,-0.01087681811748828,0.008827195547014393,0.022657943524187076,-0.018060898380665064,0.0011235663244811372,-0.014648819767854725,-0.0009201773470652781
471,-0.010897650254048583,0.007339416577212293,0.02422107255942108,-0.016044746345727303,3.894705339951252e-05,-0.012218124820634103,0.011155929448487291
472,-0.010909757474962875,0.005789919147505195,0.02486375796247401,-0.01259337363879606,-0.000724967136035102,0.003609165899052533,-0.0198985358214616
473,-0.010929601756708403,0.004232887107829425,0.02383724680267541,-0.0069069026269094275,-0.0006543281043045518,0.042967408876707906,0.025246942424302855
474,-0.010930927295320865,0.0025922356359297954,0.022385213121683484,-0.0006021270814726791,-0.005327329086728256,0.03096240801538442,-0.023910615645509278
475,-0.010910805902045618,0.0008576064541623111,0.020589393959972245,0.006255312591043661,-0.015163198898446644,-0.034397689326636796,0.026533975104666846
476,-0.01089683328124503,-0.0008852676332588507,0.01714810145998536,0.015200081165481464,-0.027164257946684308,-0.04908869944557836,-0.006196845739770615
477,-0.010883566174976052,-0.0026523369324989534,0.012288668959056203,0.025935610215326924,-0.04280341010842102,-0.02409855158460143,-0.03874796090786847
478,-0.010816499546066331,-0.004637395661785864,0.008201902996626306,0.031138383801118896,-0.044690693334002884,-6.0791918130549596e-05,0.05576201600784102
479,-0.010694531035820068,-0.006845896578706922,0.004881292240828249,0.030313254119738214,-0.031053908306362652,0.041686979560488474,-0.053423559174195986
480,-0.010540257651372203,-0.009195344000882351,0.001394555275246103,0.02674831940941332,-0.011357919051592712,0.04044875422800646,0.04074808627916005
481,-0.010339824738684063,-0.011735495033567833,-0.001732488243156352,0.0184300167336811,0.01924801056760951,-0.011291938449529608,-0.009727459087045254
482,-0.010131952472646866,-0.014332403124632534,-0.006159484282722975,0.010032961909805077,0.04128624309190636,-0.020291072786630164,0.002917624972823321
483,-0.00991901768448091,-0.0169777504399657,-0.012019394335614003,0.0017902276095872536,0.05294284969832796,0.0025811577797100103,-0.026201264695494168
484,-0.009670092976367678,-0.019780310077212263,-0.01806910174420486,-0.010409715105791813,0.06785448140184439,-0.003906246398507084,0.024227092597032138
485,-0.009393583340463705,-0.022711219565136064,-0.024698216674973746,-0.02563743674603041,0.08114530672034649,-0.026424368567430426,0.007450628971780455
486,-0.009146672826716242,-0.025017900879677663,-0.02921212466711007,-0.03339407194580529,0.0701393399385087,-0.01541226635478097,-0.02179186574422439
487,-0.008931468036342852,-0.026636582669864038,-0.03121280191458699,-0.03321240313071533,0.03346651100898202,0.024143620791989662,-0.000981967757076113
488,-0.008726925767747043,-0.027899831545364108,-0.03225423340385772,-0.029473653874401293,-0.022257846000733134,0.030519062959658696,-0.00689883835486511
489,-0.008548521697000667,-0.02859290517709151,-0.03153081534315556,-0.01937216299396101,-0.10372444262547735,0.009043407081362644,0.07897026530960813
490,-0.008355639547785551,-0.029174515339976535,-0.030316052299830493,-0.010110241998927771,-0.1272534619830054,-6.546183515023733e-05,-0.05360544832467029
491,-0.008147114246201273,-0.029659833032451795,-0.028699515109943386,-0.002037547100605044,-0.08625341423728572,-0.007185910437983461,-0.08020665940876967
492,-0.007957013431211118,-0.029624396567492252,-0.025311274345178564,0.010883304084201332,-0.026791908366777716,-0.011457732712309585,0.11977723815813919
493,-0.007777488709804536,-0.029152066478106652,-0.02038186634920108,0.027181444415979354,0.07333270911949064,-0.007175774950337132,-0.07487795276040474
494,-0.007578202463920594,-0.028744765493366794,-0.016340977440278383,0.03535101048811751,0.11331782172090638,0.008913692414574828,0.03974378877940726
495,-0.0073610662002495135,-0.028383522121405498,-0.01318971384514009,0.035047625637709225,0.08282040010270497,0.040163502335329566,-0.011024867753268275
496,-0.007135876985641786,-0.027872588959481352,-0.009879675810320072,0.030754481641093668,0.04903237688423287,-0.0035514476088005535,-0.004137173976646693
497,-0.006895855570617726,-0.027325762460536286,-0.0069962846633455315,0.019438867052931595,-0.01430664195913735,-0.1284197620949533,0.0062303032011933246
498,-0.006668688092480441,-0.026320784351587256,-0.002719945335179812,0.009382579036996597,-0.0530220520566011,-0.08842905809311204,-0.008774119930077835
499,-0.006456196210324876,-0.024823266906953103,0.0030970227909079885,0.0009511693972452597,-0.05812737307826648,0.11306643945744306,0.012013042744912245
500,-0.00623944282168686,-0.02312928947734395,0.009083668349997244,-0.012618895235512056,-0.07738317251050104,0.13848554917135267,-0.010566319036804725
501,-0.006024978288557056,-0.021136407281718825,0.015666999793015193,-0.02962982019392184,-0.09657947968308485,0.01994723180024485,0.01459788938472794
502,-0.005762570177017097,-0.019395594192897714,0.02055475482475306,-0.038158746758826974,-0.08539681702787177,-0.03030691070324122,-0.010279744505260242
503,-0.005445551356138319,-0.01798667326179365,0.023376443168513006,-0.03789207718641939,-0.04560464581663812,-0.06703732893423664,-0.026660906778296956
504,-0.005102550440117287,-0.01657046180470838,0.025525431152112095,-0.033348161849689646,0.019800520956059425,-0.055510403831045385,0.008090751761925752
505,-0.00471891102292417,-0.01530753838552761,0.026309960383695825,-0.021387958411127773,0.11866647757989467,0.03767857191021338,0.08096206789843152
506,-0.004319457481377433,-0.013940062708939579,0.026745143749370887,-0.010728539616881545,0.15195577681318145,0.051237107949482316,-0.0905503976119798
507,-0.0039061163717612007,-0.012441529408265498,0.02691506042631435,-0.0017309029165758609,0.11302758014357275,-0.00515309344683892,0.02528405469568784
508,-0.0034533481157606612,-0.011082828918182838,0.02568294680462476,0.01268247764048207,0.056368343277728786,-0.025693936989291,0.014716723191584765
509,-0.0029659175514850436,-0.009811729229485804,0.02323290445480728,0.03073141855713243,-0.04364337326303227,-0.037717572095001,-0.036632097893468635
510,-0.0024868712822077445,-0.008110621391203653,0.021760196238639458,0.039828465460260164,-0.08643078621050847,-0.019048331683510646,0.04832801809324265
511,-0.0020162764600570897,-0.00597126680388747,0.02128052083781636,0.039632982068013,-0.061263329694573265,0.047154566674088134,-0.03659524779957722
512,-0.0015362197933266922,-0.0036091257920784748,0.02083381717622011,0.034924953456207844,-0.0379536044494872,0.04362728593796124,0.047839602673400955
513,-0.0010571996295287219,-0.0008939634075510003,0.020954974994442103,0.022386481317980596,0.009489349272331388,-0.027127247160848515,-0.10111351654429371
514,-0.000546974639550244,0.0018020715588335698,0.020034380090827173,0.011214986764599512,0.028201002206224728,-0.03346726462126581,0.09615796937081067
515,-3.1879224175100315e-06,0.004454842191827285,0.017942616712849996,0.0017911091176552756,0.008458167045690376,0.007439380605003336,-0.01762893644169862
516,0.0005496238336865103,0.0073580655206331395,0.01591000760625519,-0.013359431900486217,-0.003193644242712591,0.01842576683181646,-0.0006890854437752916
517,0.0011188476080790722,0.010429723662111022,0.013562110875257792,-0.032359465479584806,-0.021154247571863245,0.01882924015713534,-0.05349512334514136
518,0.0016099941901110814,0.012874204019772548,0.011531178057165225,-0.042146856394859114,-0.026644053209274585,0.008414860677539899,0.05230603780391801
519,0.002010770802528661,0.014644181982821943,0.01000817324280595,-0.04238727316912878,-0.013323032674957859,-0.024266040867020163,0.009159760198112762
520,0.0023707594231486997,0.01605474467315821,0.008419223134751533,-0.03802402343775101,-0.0016683586420725466,-0.026516420127159233,-0.0298026806887954
521,0.0026618659539255434,0.016884204206538602,0.006974442270652565,-0.025621894601536528,0.014437853867070843,0.0013819182012431862,0.012492706793783243
522,0.002932535679055315,0.017660687355251035,0.0055843287537810735,-0.014763529911518832,0.02266748989436377,0.007617020285506546,-0.006845490921149025
523,0.003185086102536501,0.0183983982673399,0.004207183063963634,-0.005848452419446203,0.019783803620409244,0.0009623703114553988,0.007296502764476158
524,0.0033695070632989666,0.01863313079304846,0.003079508715457361,0.008887317018873197,0.016833870094570463,0.00736922435336655,-0.017664371495898182
525,0.003494280667095613,0.01846327083580908,0.0021864056896356166,0.027482907675497496,0.00992924280324088,0.019954176350911016,0.035005209590332854
526,0.0036364540628478718,0.018355013534406057,0.0005841137457695184,0.03746965568592287,0.0029160994794042586,0.010068700566957285,-0.041111485456954984
527,0.003794862433475402,0.018282792046275313,-0.0017685309955511477,0.038607039724370816,-0.003074961496334887,-0.02147285333928023,0.0540898579020988
528,0.003936576105217651,0.018078358139194735,-0.004421988053705017,0.03550269434371916,-0.013328801933486846,-0.021220606071088534,-0.03588442915191077
529,0.004079561287255265,0.017845215418229882,-0.007619095026638305,0.024903116878198198,-0.02684369348651924,0.00843227447482893,-0.02900356378777999
530,0.00416347679259175,0.017170627709052446,-0.010750455483731143,0.01612517104617186,-0.027500939464196288,0.016962642328816276,0.029255228489609177
531,0.0041830602265578885,0.016022733664173935,-0.01376753323221228,0.009554737929512695,-0.014501740133515437,0.01284790803933775,0.026696978322935206
532,0.004182158041535511,0.01468405525750436,-0.017176604802065093,-0.0022703612920720847,0.005231368302601301,-0.00042555131132086246,-0.056346041437466084
533,0.004146168638427461,0.013054392822421412,-0.02084219157487156,-0.017432226659891817,0.0360125897616169,-0.03195765458430723,0.08175646751341797
534,0.004130746539698955,0.01178345279412424,-0.023378600877358387,-0.025812844786126367,0.04351164789520094,-0.017243805489833553,-0.06027916378412344
535,0.004145359757053697,0.010958811553146378,-0.024705830475476177,-0.027354059422846595,0.024748752720636962,0.046534277421677255,-0.02006173439536948
536,0.004152520254404656,0.010196267004137326,-0.02537910375910332,-0.02557397587568016,-0.00013396192587163016,0.021370322445983143,0.040850976424175595
537,0.0041687217737215124,0.009684006780531345,-0.025014697711130143,-0.01787284098998644,-0.040201980241608044,-0.08764337303457544,-0.0011904322648148991
538,0.0041707903925241405,0.00910449219209212,-0.024529546849754388,-0.012120310020106922,-0.05142793038117249,-0.07056624164125348,-0.010250516601113684
539,0.004155659018596288,0.00842853749998115,-0.02395137348971468,-0.008628674972218572,-0.028932813927547516,0.05850190595220173,-0.0018350439861762355
540,0.004149470114637499,0.007981542368702603,-0.022477109289611674,-0.0012386534859066963,-0.0013597963955743354,0.09357695465387887,0.010882700869646796
541,0.004147418271729847,0.007699867365090194,-0.020279668902416344,0.008415925853589619,0.043068522815455104,0.0645870704035547,-0.01926620199952411
542,0.004090974972307636,0.007003237476396094,-0.01815700225368539,0.013955619643952866,0.056981587257399074,0.014088384026601631,0.014082871717417421
543,0.003978573135180868,0.005885637137561117,-0.016065687927675213,0.015506719364919827,0.034403797802712764,-0.09494535280756079,-0.002064006352456197
544,0.003835187589782125,0.00458596321319588,-0.013722337037863602,0.014994618911767366,0.007794211913730649,-0.09487599863244035,-0.017185448704185317
545,0.003645843195866137,0.0029595436556856787,-0.011304982194926212,0.010823438003786146,-0.03567102511504557,0.023758111828703354,0.04423799031247409
546,0.0034511484009100073,0.0014309449321798513,-0.008107849489634814,0.008339726748843292,-0.05165919890180703,0.04714722162943864,-0.052202904009841525
547,0.003253681510315686,2.8147160581007855e-05,-0.004078275740148156,0.007729966068398598,-0.03408341483086584,0.004038631076286426,0.05087805735624898
548,0.003020602049275188,-0.0015798211266590584,0.0002987798171729469,0.004969575867331163,-0.014845092560244287,0.0041574012824885055,-0.032966910593347575
549,0.002760711564020488,-0.003298533404389002,0.0051933813890813986,0.0011782118101258765,0.018099529667572622,0.015604490267242095,-0.005862083711226479
550,0.00255643004169851,-0.004653193265828154,0.008750157046298687,-0.0011678410140647897,0.031650292093705464,0.004739264155156862,0.01900635108115677
551,0.002412160023224668,-0.005632702983022738,0.010741401090908867,-0.002296382481876473,0.02059323920506201,-0.017967940999027925,-0.007849773855268395
